OBS,facility,has_paper_olda_1,who,selection_1,Teff,logg,micro,ra,dec,source_id,GroupSize_2,O,Ostd,Na,Nastd,Mg,Mgstd,Al,Alstd,Si,Sistd,Ca,Castd,target_id,ScII,ScIIstd,TiI,TiIstd,TiII,TiIIstd,V,Vstd,Cr,Crstd,Mn,Mnstd,Fe,Festd,FeII,FeIIstd,Co,Costd,Ni,Nistd,Cu,Custd,Zn,Znstd,Sr,Srstd,Y,Ystd,Zr,Zrstd,Ba,Bastd,La,Lastd,Ce,Cestd,Pr,Prstd,Nd,Ndstd,Sm,Smstd,Eu,Eustd,main_id_2,Strut,ra,ra_error,dec,dec_error,parallax,parallax_error,parallax_over_error,pm,pmra,pmra_error,pmdec,pmdec_error,astrometric_params_solved,pseudocolour,pseudocolour_error,ruwe,phot_g_mean_mag,phot_g_mean_mag_error
NOT_Lapo,NOT_Lapo1,,Trieste group,mince2,4544,1.73,1.73,83.07010972836557,-9.369124433321808,3013903552332348288,,0.4399999976158142,0.0,-0.07,0.05,0.41999998688697815,0.1,0.1899999976158142,0.02,0.3700000047683716,0.11,0.4,0.08,TYC_5333-1917-1,0.27,0.16,0.30000001192092896,0.12,0.3700000047683716,0.13,0.05,0.07,0.02,0.08,-0.3799999952316284,0.09,-1.38,0.15,-1.31,0.13,0.04,0.14,0.02,0.15,-0.49000000953674316,0.08,0.019999999552965164,0.0,-0.07999999821186066,0,0.01,0.11,0.63,0.14,0.47999998927116394,0.13,0.49000000953674316,0.08,0.6299999952316284,0.1,0.46000000834465027,0.16,0.55,0.18,0.61,0.12,0.76,0.0,TYC 5333-1917-1,G,83.07022425224,0.0119,-9.36930255557,0.0108,0.7962,0.0174,45.7954,47.462,25.424,0.016,-40.078,0.013,31,,,1.071,10.095417,0.002765
NOT_Lapo,NOT_Lapo2,,Trieste group,mince2,4377,1.09,2.04,252.96748809061327,31.6736539721217,1313240783953605632,,0.6499999761581421,0.0,-0.01,0.02,0.5699999928474426,0.05,-9.989999771118164,0.0,0.4399999976158142,0.08,0.43,0.07,TYC_2589-1098-1,0.28,0.09,0.3700000047683716,0.12,0.38999998569488525,0.12,0.09,0.08,-0.03,0.14,-0.38999998569488525,0.08,-1.83,0.13,-1.8,0.12,0.14,0.12,0.04,0.16,-0.4000000059604645,0.16,-0.019999999552965164,0.03,-0.23000000417232513,0,-0.12,0.09,0.5,0.07,-0.11999999731779099,0.0,0.1599999964237213,0.05,0.14000000059604645,0.06,0.1599999964237213,0.07,0.23,0.08,0.31,0.06,0.57,0.0,TYC 2589-1098-1,T,252.96745524349,0.0083,31.67360059217,0.0087,0.4978,0.0105,47.2125,13.558,-6.29,0.012,-12.01,0.011,31,,,0.997,9.517253,0.002768
NOT_Lapo,NOT_Lapo2,,Trieste group,mince2,4329,1.14,1.91,358.4696738606218,12.639187341189094,2766840957405002496,,0.6899999976158142,0.0,0.03,0.01,0.6800000071525574,0.06,0.3199999928474426,0.01,0.44999998807907104,0.11,0.43,0.07,BD+11_5071,0.32,0.07,0.36000001430511475,0.12,0.4099999964237213,0.08,0.11,0.06,-0.04,0.13,-0.38999998569488525,0.09,-1.8,0.12,-1.72,0.11,0.16,0.13,0.04,0.13,-0.4399999976158142,0.03,0.05999999865889549,0.0,-0.2150000035762787,0,-0.07,0.08,0.5,0.07,-0.05999999865889549,0.06,0.10999999940395355,0.08,0.09000000357627869,0.06,0.03,0.01,0.14,0.0,0.27,0.0,0.46,0.0,BD+11 5071,H,358.46966619011,0.0142,12.6390888303,0.0136,0.5424,0.0192,28.3199,22.229,-1.684,0.019,-22.165,0.016,95,1.4319,0.0026,1.06,9.577116,0.002763
Cesc_NOT,NOT_62_done,,Trieste group,mince2,4302,0.61,2.23,120.00351716032063,39.86547788082266,921290624095457408,,0.5799999833106995,0.0,0.09,0.07,0.6399999856948853,0.06,0.18000000715255737,0.14,0.38999998569488525,0.06,0.38,0.1,TYC_2973-1090-1,0.26,0.1,0.3700000047683716,0.12,0.3400000035762787,0.1,0.16,0.09,-0.03,0.16,-0.4099999964237213,0.11,-1.88,0.12,-1.94,0.1,0.14,0.11,-0.01,0.13,-0.3499999940395355,0.17,-0.15000000596046448,0.0,-0.23999999463558197,0,-0.16,0.08,0.47,0.02,-0.20999999344348907,0.0,0.09000000357627869,0.07,-0.029999999329447746,0.12,0.10000000149011612,0.08,0.15,0.08,0.3,0.07,0.52,0.0,TYC 2973-1090-1,H,120.0035664795,0.0128,39.86540635438,0.0123,0.3428,0.0168,20.3548,18.208,8.517,0.016,-16.093,0.013,31,,,1.065,9.144907,0.002776
NOT_Lapo,NOT_Lapo2,,Trieste group,mince2,4570,1.42,1.97,0.47409328021369895,8.53170529829605,2746873379567722752,,0.699999988079071,0.05000000074505806,-0.09,0.05,0.5899999737739563,0.06,-9.989999771118164,0.0,0.3700000047683716,0.11,0.39,0.07,BD+07_5118,0.24,0.08,0.3100000023841858,0.1,0.36000001430511475,0.1,0.03,0.06,-0.05,0.09,-0.44999998807907104,0.06,-1.94,0.12,-1.87,0.12,0.1,0.08,0.02,0.12,-0.5899999737739563,0.01,0.029999999329447746,0.01,-0.26499998569488525,0,-0.22,0.06,0.44,0.0,0.0,0.04,0.17000000178813934,0.07,0.10999999940395355,0.03,0.1599999964237213,0.03,0.21,0.09,0.37,0.04,0.51,0.0,BD+07  5118,T,0.47420795752,0.016,8.53167562671,0.0126,0.7612,0.0194,39.1734,26.376,25.517,0.023,-6.676,0.02,31,,,1.006,9.20927,0.002762
TNGs,TNG 42_done,,Trieste group,mince2,4687,1.76,1.69,146.6400997331537,12.378832322103264,614214137606176768,,0.3199999928474426,0.0,0.46,0.06,0.4099999964237213,0.1,0.6800000071525574,0.0,0.3799999952316284,0.05,0.43,0.05,BD+132153,0.28,0.06,0.30000001192092896,0.07,0.3799999952316284,0.07,-0.02,0.09,-0.03,0.05,-0.4000000059604645,0.06,-1.69,0.1,-1.63,0.1,0.05,0.09,0.0,0.12,-0.5400000214576721,0.02,0.10999999940395355,0.02,-0.0729999989271164,0,0.01,0.05,0.35,0.21,0.33000001311302185,0.16,0.1599999964237213,0.1,0.18000000715255737,0.07,0.15000000596046448,0.07,0.25,0.09,0.41,0.0,0.52,0.0,BD+13  2153,T,146.64001175358,0.0273,12.37865290965,0.0365,1.2518,0.0222,56.2893,44.759,-19.335,0.029,-40.368,0.036,31,,,0.892,8.826126,0.002765
TNGs,TNG2020,,Trieste group,mince2,4610,1.73,1.63,158.2390566554,35.3823981288,751283723890407936,0,0.31299999356269836,0.025100000202655792,0.4959999918937683,0.0578,0.41499999165534973,0.0,0.421999990940094,0.0,0.2070000022649765,0.0693,0.2529999911785126,0.0908,HD91276,0.30000001192092896,0.1477,0.22499999403953552,0.104,0.24400000274181366,0.1386,0.15800000727176666,0.1036,0.07699999958276749,0.1366,-0.16099999845027924,0.087,-0.624,0.1453,-0.745,0.1038,0.14499999582767487,0.1419,0.0729999989271164,0.1301,0.003000000026077032,0.0,-0.24899999797344208,0.0,-0.29600000381469727,0,-0.03799999877810478,0.093,0.2939999997615814,0.0446,0.257999986410141,0.0,0.1979999989271164,0.0719,0.24899999797344208,0.0938,0.17499999701976776,0.0354,0.22100000083446503,0.1559,0.2680000066757202,0.0409,0.38600000739097595,0.0,HD  91276,D,158.23897619933,0.0156,35.38242483901,0.0143,1.4101,0.0206,68.47589874267578,15.911,-14.706,0.022,6.072,0.017,31,,,1.113,8.576634,0.002762
Spito_NOT,NOT_61_Spito,,Trieste group,mince2,4942,1.68,1.79,271.3768808903,9.8251042445,4482637648644650368,0,0.37599998712539673,0.13750000298023224,0.4690000116825104,0.0,0.43700000643730164,0.05,0.4230000078678131,0.0824,0.22699999809265137,0.1274,0.2290000021457672,0.1712,HD165400,0.19900000095367432,0.1144,0.15700000524520874,0.2019,0.13600000739097595,0.1765,0.24799999594688416,0.1376,0.04100000113248825,0.2082,-0.06300000101327896,0.1877,-0.352,0.2364,-0.597,0.1703,0.15700000524520874,0.1263,0.035999998450279236,0.1991,-0.16099999845027924,0.1122,-0.5740000009536743,0.6088,-0.24799999594688416,0,0.16300000250339508,0.1216,0.2840000092983246,0.0,0.5400000214576721,0.0,0.33500000834465027,0.0899,0.1899999976158142,0.2059,0.2549999952316284,0.132,0.3370000123977661,0.136,0.3009999990463257,0.1261,0.43299999833106995,0.0487,HD 165400,D,271.37688314305,0.0259,9.82507427894,0.025,1.3752,0.0305,45.07400131225586,6.87,0.446,0.028,-6.856,0.025,31,,,1.685,8.350513,0.002761
TNGs,TNG 42_done,,Trieste group,mince2,4592,1.45,2.07,136.07013080918745,14.300200501066803,607178809376609536,,0.7300000190734863,0.0,-99.99,0.0,0.41999998688697815,0.06,-9.989999771118164,0.0,0.41999998688697815,0.06,0.38,0.07,HD77662,0.13,0.08,0.23999999463558197,0.07,0.23999999463558197,0.1,-0.13,0.09,-0.11,0.07,-0.44999998807907104,0.05,-2.18,0.11,-2.03,0.1,0.05,0.13,0.0,0.1,-0.6800000071525574,0.0,0.029999999329447746,0.02,-0.1550000011920929,0,-0.19,0.05,0.23,0.07,0.0,0.03,0.1899999976158142,0.1,0.20000000298023224,0.08,0.23000000417232513,0.0,0.32,0.08,0.48,0.04,0.66,0.0,HD  77662,H,136.07017108674,0.0137,14.29994746796,0.0099,0.8576,0.0168,51.1427,57.606,8.782,0.017,-56.932,0.013,31,,,0.925,8.990972,0.002761
TNGs,TNG 42_done,,Trieste group,mince2,4531,1.34,1.78,115.24440669047921,29.434708314637025,878734232701054336,,0.6100000143051147,0.0,-0.14,0.0,0.4399999976158142,0.05,-9.989999771118164,0.0,0.3799999952316284,0.03,0.37,0.08,TYC_1924-1531-1,0.2,0.09,0.2199999988079071,0.06,0.3400000035762787,0.08,-0.08,0.09,-0.11,0.07,-0.5,0.05,-2.15,0.11,-2.06,0.09,0.06,0.07,-0.0,0.12,-0.6700000166893005,0.0,-0.009999999776482582,0.02,-0.23000000417232513,0,-0.13,0.05,0.19,0.11,0.2199999988079071,0.1,0.23999999463558197,0.09,0.20999999344348907,0.05,0.24,0.06,0.32,0.09,0.5,0.04,0.67,0.01,TYC 1924-1531-1,T,115.24439795899,0.0144,29.43457433045,0.0117,0.7181,0.0148,48.5538,30.195,-1.711,0.016,-30.146,0.013,31,,,0.954,9.205582,0.002769
NOT_Lapo,NOT_Lapo2,,Trieste group,mince2,4606,2.36,1.62,261.61071145884364,28.702445241934928,4598598089142562560,,0.6100000143051147,0.18000000715255737,0.46,0.01,0.5799999833106995,0.07,0.5899999737739563,0.06,0.3199999928474426,0.08,0.26,0.07,BD+28_2741,0.37,0.1,0.41999998688697815,0.12,0.3499999940395355,0.15,0.3,0.14,0.08,0.17,-0.14000000059604645,0.1,-0.61,0.16,-0.7,0.15,0.23,0.13,0.06,0.14,0.07000000029802322,0.0,-0.1899999976158142,0.0,-0.5299999713897705,0,0.05,0.05,0.18,0.02,-0.28999999165534973,0.05,0.1899999976158142,0.04,0.20000000298023224,0.12,0.1899999976158142,0.04,0.32,0.09,0.34,0.06,0.57,0.0,BD+28  2741,T,261.61044149063,0.0079,28.70224263902,0.0092,2.646,0.0111,238.1779,70.12,-53.279,0.01,-45.586,0.012,31,,,1.033,8.850589,0.002758
TNGs,TNG2020,,Trieste group,mince2,4458,1.54,1.65,169.4044456477,12.4027681014,3964145447160775680,0,0.28200000524520874,0.06390000134706497,0.39500001072883606,0.0166,0.3659999966621399,0.0,0.35499998927116394,0.0523,0.20100000500679016,0.0803,0.24500000476837158,0.0855,BD+132383,0.2240000069141388,0.1546,0.2160000056028366,0.0809,0.2240000069141388,0.1326,0.0989999994635582,0.1163,0.027000000700354576,0.1551,-0.16200000047683716,0.1356,-0.626,0.1463,-0.659,0.0816,0.11999999731779099,0.128,0.006000000052154064,0.1527,-0.04500000178813934,0.0,-0.31700000166893005,0.0,-0.29600000381469727,0,-0.028999999165534973,0.0863,0.17299999296665192,0.0268,0.3409999907016754,0.0,0.25099998712539673,0.082,0.20800000429153442,0.1016,0.1720000058412552,0.0363,0.21699999272823334,0.1478,0.21199999749660492,0.027,0.3230000138282776,0.0,BD+13  2383,D,169.40441654702,0.0193,12.40277686769,0.0216,1.2417,0.0316,39.338199615478516,6.761,-6.399,0.023,2.183,0.023,31,,,0.993,8.551532,0.002771
NOT_Lapo,NOT_Lapo2,,Trieste group,mince2,4867,2.33,1.45,249.82646299533147,10.276297735645507,4446837103365630848,,0.6399999856948853,0.0,-0.16,0.03,0.36000001430511475,0.09,0.10000000149011612,0.0,0.18000000715255737,0.07,0.33,0.08,TYC_965-56-1,0.18,0.1,0.25999999046325684,0.08,0.30000001192092896,0.09,-0.01,0.05,0.03,0.06,-0.3499999940395355,0.05,-1.14,0.1,-1.13,0.08,0.0,0.11,-0.05,0.13,-0.5199999809265137,0.1,-0.05999999865889549,0.01,-0.35600000619888306,0,-0.2,0.04,0.15,0.0,0.07999999821186066,0.09,0.15000000596046448,0.08,0.11999999731779099,0.01,0.10000000149011612,0.06,0.15,0.1,0.36,0.07,0.59,0.0,TYC  965-56-1,G,249.82638209997,0.0103,10.27586018161,0.0072,1.1959,0.0136,88.0228,100.065,-17.909,0.012,-98.45,0.009,31,,,0.979,10.224023,0.002758
NOT_Lapo,NOT_Lapo1,,Trieste group,mince2,5109,2.4,1.77,155.78896022743888,4.479954875948254,3860276679628980992,,0.8500000238418579,0.17000000178813934,0.16,0.07,0.4699999988079071,0.04,0.3400000035762787,0.11,0.38999998569488525,0.14,0.33,0.1,TYC_249-1043-1,0.16,0.07,0.3400000035762787,0.09,0.3799999952316284,0.1,0.06,0.09,-0.03,0.05,-0.3100000023841858,0.09,-1.04,0.11,-1.0,0.1,0.17,0.06,0.07,0.11,-0.15000000596046448,0.08,0.10000000149011612,0.07,-0.11999999731779099,0,-0.12,0.11,0.14,0.0,0.09000000357627869,0.07,0.05999999865889549,0.03,0.019999999552965164,0.11,0.019999999552965164,0.0,0.14,0.13,0.21,0.11,0.5,0.0,TYC 249-1043-1,H,155.78892872483,0.0186,4.47970820198,0.0138,1.3136,0.0213,61.6541,55.95,-7.066,0.019,-55.502,0.017,31,,,1.115,9.848755,0.002763
TNGs,TNG2020,,Trieste group,mince2,4746,1.89,1.62,151.7927212325,3.6897952641,3836930646157055744,0,0.36800000071525574,0.0,0.6179999709129333,0.0569,0.4309999942779541,0.0,0.4169999957084656,0.0,0.2160000056028366,0.0603,0.257999986410141,0.1003,HD87740,0.28700000047683716,0.1214,0.22699999809265137,0.0926,0.24899999797344208,0.1255,0.10000000149011612,0.1442,0.06199999898672104,0.1213,-0.11999999731779099,0.0933,-0.592,0.1303,-0.698,0.113,0.13500000536441803,0.1564,0.0689999982714653,0.1196,-0.04699999839067459,0.1086,-0.2529999911785126,0.0,-0.2709999978542328,0,-0.10499999672174454,0.0849,0.10100000351667404,0.2108,0.19099999964237213,0.0,0.11900000274181366,0.0932,0.23399999737739563,0.096,0.1340000033378601,0.0293,0.210999995470047,0.1357,0.2759999930858612,0.0514,0.42500001192092896,0.0,HD  87740,D,151.79276168284,0.0225,3.68976256094,0.0272,1.5606,0.0228,68.42459869384766,11.385,9.099,0.025,-6.844,0.032,31,,,1.019,8.569717,0.002762
TNGs,TNG 42_done,,Trieste group,mince2,4626,1.57,1.79,176.79537683548733,50.78552811651626,791246023761262080,,0.6600000262260437,0.019999999552965164,-0.1,0.02,0.4000000059604645,0.11,-9.989999771118164,0.0,0.3799999952316284,0.03,0.4,0.07,HD233868,0.31,0.07,0.33000001311302185,0.06,0.36000001430511475,0.09,0.04,0.11,-0.05,0.06,-0.4300000071525574,0.06,-1.87,0.11,-1.8,0.09,0.2,0.07,0.04,0.11,-0.6200000047683716,0.05,-0.0,0.02,-0.38999998569488525,0,-0.33,0.04,0.06,0.09,-0.14000000059604645,0.06,-0.05000000074505806,0.08,-0.029999999329447746,0.07,-0.03999999910593033,0.03,0.08,0.06,0.22,0.05,0.31,0.03,HD 233868,G,176.79500502293,0.0068,50.78544335989,0.009,0.7626,0.0124,61.663,56.224,-52.891,0.009,-19.07,0.012,31,,,1.061,9.406249,0.00276
TNGs,TNG2020,,Trieste group,mince2,4725,2.41,1.34,233.5890532054,23.2101650786,1220704579692724864,0,0.17100000381469727,0.0,0.42399999499320984,0.0187,0.3100000023841858,0.0,0.23399999737739563,0.0491,0.10000000149011612,0.0602,0.2680000066757202,0.1181,HD138934,0.2630000114440918,0.0977,0.18400000035762787,0.1058,0.17000000178813934,0.1255,0.11100000143051147,0.056,0.06700000166893005,0.1658,-0.017999999225139618,0.1673,-0.224,0.1623,-0.317,0.1532,0.041999999433755875,0.1633,0.028999999165534973,0.1395,-0.0729999989271164,0.0,-0.35600000619888306,0.0,-0.2409999966621399,0,0.039000000804662704,0.1051,0.0430000014603138,0.0,0.36899998784065247,0.0,0.14499999582767487,0.1101,0.10700000077486038,0.1833,0.07500000298023224,0.0631,0.13899999856948853,0.1271,0.1679999977350235,0.0237,0.2930000126361847,0.0,HD 138934,D,233.58907820652,0.0701,23.21012340456,0.078,3.8766,0.1131,34.28630065917969,12.138,3.084,0.092,-11.739,0.08,31,,,5.438,8.017671,0.002759
NOT_Lapo,NOT_Lapo2,,Trieste group,mince2,4524,2.1,1.56,320.74030166816283,14.991053633374555,1783455933823136384,,0.49000000953674316,0.0,0.42,0.09,0.6399999856948853,0.07,0.6399999856948853,0.04,0.38999998569488525,0.13,0.34,0.1,TYC_1118-386-1,0.45,0.1,0.4099999964237213,0.15,0.38999998569488525,0.11,0.27,0.14,0.06,0.14,-0.20999999344348907,0.12,-0.82,0.16,-0.84,0.14,0.23,0.14,0.05,0.16,-0.0,0.03,-0.10999999940395355,0.0,-0.5600000023841858,0,-0.08,0.03,0.03,0.34,-0.2199999988079071,0.02,0.15000000596046448,0.09,-0.029999999329447746,0.16,0.15000000596046448,0.0,0.24,0.14,0.29,0.1,0.63,0.0,TYC 1118-386-1,TT,320.74016154542,0.0121,14.99099086587,0.0153,1.8646,0.0153,121.9161,33.57,-30.455,0.014,-14.123,0.015,31,,,1.008,9.130979,0.002759
NOT_Lapo,NOT_Lapo1,,Trieste group,mince2,4076,1.01,1.55,128.22974501906074,-2.79736903429281,3072648774976292992,,0.41999998688697815,0.10000000149011612,0.2,0.1,0.4399999976158142,0.07,0.25,0.09,0.3700000047683716,0.1,0.18,0.08,BD-02_2610,0.15,0.1,0.23999999463558197,0.12,0.23000000417232513,0.12,0.04,0.11,0.02,0.13,-0.30000001192092896,0.08,-1.01,0.14,-0.92,0.12,0.05,0.13,-0.0,0.16,-0.1899999976158142,0.03,-0.14000000059604645,0.07,-0.41999998688697815,0,-0.15,0.12,0.03,0.0,0.10999999940395355,0.0,0.03999999910593033,0.04,-0.03999999910593033,0.12,-0.0,0.12,0.12,0.16,0.13,0.16,0.47,0.0,BD-02  2610,H,128.22973115501,0.0147,-2.79741674531,0.0099,0.5473,0.0204,26.8876,11.178,-3.116,0.02,-10.735,0.017,31,,,1.059,9.550324,0.002779
NOT_Lapo,NOT_Lapo2,,Trieste group,mince2,4397,2.07,1.6,338.71256451652073,29.465148906911637,1888222040284685056,,0.1599999964237213,0.18000000715255737,0.21,0.0,0.33000001311302185,0.02,0.30000001192092896,0.1,0.10000000149011612,0.13,0.13,0.11,HD_213993,0.2,0.12,0.1599999964237213,0.13,0.11999999731779099,0.14,0.07,0.14,0.1,0.14,-0.03999999910593033,0.09,-0.43,0.14,-0.52,0.15,-0.04,0.13,-0.05,0.15,-0.10999999940395355,0.0,-0.49000000953674316,0.0,0.11999999731779099,0,0.45,0.19,-0.01,0.0,0.5699999928474426,0.0,0.38999998569488525,0.07,0.25999999046325684,0.15,0.3100000023841858,0.03,0.31,0.08,0.26,0.06,0.33,0.0,HD 213993,T,338.71270816503,0.0108,29.46513500756,0.0166,2.7009,0.0205,131.9239,28.314,28.14,0.014,-3.127,0.021,31,,,1.07,8.322977,0.002758
TNGs,TNG2020,,Trieste group,mince2,4045,1.21,1.61,222.8153167123,-8.9838354034,6327041599344853376,0,0.38600000739097595,0.006899999920278788,0.28200000524520874,0.0,0.47999998927116394,0.0,0.3050000071525574,0.1182,0.2980000078678131,0.1242,0.19300000369548798,0.0913,HD130971,0.2800000011920929,0.1407,0.2809999883174896,0.0821,0.164000004529953,0.1249,0.20000000298023224,0.0691,0.03999999910593033,0.0987,-0.16599999368190765,0.1777,-0.612,0.1974,-0.608,0.1871,0.09600000083446503,0.1974,0.003000000026077032,0.1739,-0.03500000014901161,0.0,-0.25200000405311584,0.0,-0.49000000953674316,0,-0.13199999928474426,0.1346,-0.024000000208616257,0.0566,0.1679999977350235,0.0,0.09099999815225601,0.0689,-0.08399999886751175,0.0915,0.07999999821186066,0.0461,0.10000000149011612,0.1131,0.0989999994635582,0.0653,0.36000001430511475,0.0,HD 130971,D,222.81530681808,0.0223,-8.98387210234,0.0201,1.1873,0.0268,44.38560104370117,8.808,-2.116,0.031,-8.55,0.033,31,,,1.114,8.603674,0.002808
NOT_Lapo,NOT_Lapo1,,Trieste group,mince2,4242,2.27,1.87,149.59219152668217,23.635424888342328,642028998650031104,,0.5799999833106995,0.0,-0.01,0.07,0.550000011920929,0.06,0.23999999463558197,0.0,0.3400000035762787,0.14,0.32,0.11,TYC_1961-1226-1,0.19,0.07,0.3199999928474426,0.12,0.3199999928474426,0.11,0.09,0.09,0.02,0.18,-0.3499999940395355,0.11,-1.32,0.15,-1.28,0.11,0.03,0.14,-0.05,0.12,-0.4399999976158142,0.11,-0.15000000596046448,0.07,-0.38999998569488525,0,-0.09,0.09,-0.03,0.0,-0.03999999910593033,0.06,0.20999999344348907,0.07,0.09000000357627869,0.11,0.25999999046325684,0.08,0.27,0.14,0.36,0.11,0.75,0.06,TYC 1961-1226-1,G,149.59228616339,0.0144,23.63528748409,0.0133,0.4696,0.0178,26.3133,36.556,19.507,0.018,-30.916,0.016,31,,,1.093,9.525635,0.00278
TNGs,TNG_extra42,,Trieste group,mince2,4174,0.97,1.71,177.52154055852355,21.0992974552855,3976573231385341056,,0.6200000047683716,0.019999999552965164,-0.07,0.1,0.5199999809265137,0.0,0.07000000029802322,0.01,0.33000001311302185,0.05,0.34,0.09,BD+21_2364,0.18,0.08,0.20999999344348907,0.11,0.28999999165534973,0.1,-0.05,0.09,-0.04,0.11,-0.4300000071525574,0.08,-1.27,0.14,-1.13,0.1,-0.02,0.13,-0.05,0.11,-0.4699999988079071,0.12,-0.07000000029802322,0.04,-0.49900001287460327,0,-0.22,0.1,-0.05,0.16,0.07000000029802322,0.0,0.009999999776482582,0.09,-0.019999999552965164,0.08,0.03999999910593033,0.07,0.09,0.13,0.29,0.03,0.53,0.0,BD+21  2364,H,177.52153794277,0.0168,21.09915366784,0.0131,0.5264,0.0197,26.6825,32.357,-0.549,0.018,-32.352,0.014,31,,,1.081,9.340458,0.002797
NOT_Lapo,NOT_Lapo1,,Trieste group,mince2,4746,2.3,1.33,121.95684207772372,46.731113326786364,929773287583638272,,0.3199999928474426,0.0,0.11,0.05,0.3400000035762787,0.11,0.25,0.02,0.28999999165534973,0.09,0.17,0.1,BD+47_1535,0.22,0.16,0.019999999552965164,0.11,0.10000000149011612,0.12,-0.21,0.08,-0.07,0.13,-0.33000001311302185,0.12,-0.75,0.12,-0.53,0.13,-0.02,0.07,0.02,0.15,-0.20999999344348907,0.18,0.05000000074505806,0.0,-0.5699999928474426,0,-0.34,0.1,-0.09,0.0,0.10000000149011612,0.02,-0.20999999344348907,0.11,-0.15000000596046448,0.07,-0.23999999463558197,0.06,-0.21,0.09,-0.09,0.1,0.13,0.0,BD+47  1535,T,121.95700182766,0.0126,46.73108490619,0.0108,1.8925,0.0156,121.5276,25.453,24.637,0.015,-6.395,0.012,31,,,1.098,9.255345,0.002766
NOT_Lapo,NOT_Lapo2,,Trieste group,mince2,4201,1.46,1.75,353.506943294637,3.9960306341668224,2647966708010773248,,0.6000000238418579,0.09000000357627869,0.35,0.1,0.6200000047683716,0.08,0.46000000834465027,0.12,0.4699999988079071,0.17,0.22,0.11,TYC_588-672-1,0.22,0.15,0.3199999928474426,0.08,0.28999999165534973,0.14,0.08,0.12,0.04,0.12,-0.27000001072883606,0.17,-0.86,0.13,-0.75,0.17,0.26,0.13,0.06,0.17,-0.10999999940395355,0.05,-0.029999999329447746,0.06,-0.5699999928474426,0,-0.22,0.24,-0.16,0.11,-0.25,0.07,-0.07999999821186066,0.04,-0.25999999046325684,0.19,-0.05999999865889549,0.03,-0.01,0.11,0.02,0.09,0.41,0.0,TYC 588-672-1,H,353.50718293346,0.0147,3.9959326675,0.0103,0.9191,0.0148,62.0054,58.129,53.788,0.02,-22.043,0.012,31,,,0.967,9.532414,0.002768
NOT_Lapo,NOT_Lapo1,,Trieste group,mince2,4046,0.78,1.6,76.13923040384877,11.64866899610006,3292105871338228864,,0.1599999964237213,0.0,0.54,0.11,0.800000011920929,0.07,0.6899999976158142,0.04,0.4399999976158142,0.1,0.25,0.11,HD_287410,0.15,0.13,0.1899999976158142,0.15,0.1599999964237213,0.14,-0.14,0.13,-0.03,0.17,-0.3100000023841858,0.15,-0.96,0.19,-0.99,0.16,0.02,0.15,0.02,0.16,-0.10999999940395355,0.18,0.05000000074505806,0.0,-0.4399999976158142,0,-0.17,0.1,-0.16,0.0,-0.46000000834465027,0.0,-0.05999999865889549,0.14,-0.09000000357627869,0.14,-0.10999999940395355,0.08,-0.01,0.11,0.04,0.12,0.3,0.0,HD 287410,D,76.13925654465,0.0152,11.64865199495,0.0113,1.8051,0.0175,102.9783,6.915,5.761,0.019,-3.825,0.015,31,,,1.178,9.478027,0.002767
TNGs,TNG 42_done,,Trieste group,mince2,4350,1.06,2.22,106.488056405647,8.219371156125995,3154530234830542336,,0.6899999976158142,0.0,-0.03,0.03,0.44999998807907104,0.13,0.2199999988079071,0.01,0.36000001430511475,0.04,0.38,0.07,TYC_749-2025-1,0.16,0.07,0.3499999940395355,0.1,0.3100000023841858,0.13,0.13,0.09,0.02,0.12,-0.36000001430511475,0.11,-1.63,0.15,-1.57,0.1,0.17,0.14,0.03,0.14,-0.41999998688697815,0.09,-0.09000000357627869,0.0,-0.3199999928474426,0,-0.26,0.09,-0.2,0.05,-0.10999999940395355,0.05,0.09000000357627869,0.07,0.019999999552965164,0.09,0.18000000715255737,0.06,0.19,0.12,0.36,0.07,0.61,0.0,TYC  749-2025-1,G,106.48814385256,0.0186,8.21929863336,0.0174,0.7051,0.0218,32.3771,25.406,19.473,0.022,-16.318,0.022,31,,,1.099,8.852942,0.002835
NOT_Lapo,NOT_Lapo1,,Trieste group,mince2,4681,2.29,1.34,136.74146014005672,51.491923351860684,1016553582836045184,,0.2150000035762787,0.16590000689029694,-8.70600003,0.2519,0.16699999570846558,0.0859,0.19900000095367432,0.0,-0.07800000160932541,0.1425,0.027000004,0.1278,TYC 3430-571-1,0.036000006,0.1639,0.11299999803304672,0.1008,0.0989999994635582,0.1829,-0.016999995,0.0983,-0.035000004,0.16,0.0689999982714653,0.0612,-0.209,0.1696,-0.195,0.1305,-0.055999987,0.1401,0.015000007,0.1771,0.25999999046325684,0.0,-0.22100000083446503,0.0,-0.014999999664723873,0,-0.0029999989,0.12,-0.21,0.01,0.29600000381469727,0.0,-0.15299999713897705,0.14,0.13199999928474426,0.15,-0.16899999976158142,0.14,-0.14000002,0.15,-0.26000002,0.13,-0.11200001,0.0,TYC 3430-571-1,D,136.74137213011,0.0239,51.49186437175,0.0204,1.6664,0.0346,48.1286,18.114,-12.329,0.029,-13.271,0.025,31,,,2.222,9.50846,0.002758
NOT_Lapo,NOT_Lapo2,,Trieste group,mince2,4105,1.4,1.8,237.22162337594068,12.426145631810817,1190010265194733568,,0.3400000035762787,0.0,0.42,0.16,0.5699999928474426,0.07,0.4699999988079071,0.1,0.41999998688697815,0.16,0.13,0.12,TYC_938-1251-1,0.13,0.15,0.30000001192092896,0.11,0.18000000715255737,0.14,0.05,0.13,0.1,0.18,-0.23999999463558197,0.09,-0.7,0.16,-0.64,0.17,0.06,0.13,-0.07,0.15,-0.09000000357627869,0.0,-0.28999999165534973,0.0,-0.5699999928474426,0,-0.05,0.13,-0.22,0.08,-0.2800000011920929,0.0,0.12999999523162842,0.07,-0.18000000715255737,0.05,0.09000000357627869,0.03,0.19,0.17,0.14,0.09,0.39,0.0,TYC 938-1251-1,T,237.2215774064,0.0116,12.42609772141,0.0127,1.0887,0.0162,67.0661,14.773,-10.101,0.014,-10.78,0.014,31,,,1.007,9.099881,0.00276
TNGs,TNG 42_done,,Trieste group,mince2,4041,0.79,1.71,131.65067429937625,9.87285499791908,598110071830686976,,0.5600000023841858,0.009999999776482582,0.22,0.02,0.2709999978542328,0.12,0.4300000071525574,0.0,0.3799999952316284,0.07,0.26,0.08,TYC_810-1846-1,0.24,0.1,0.4300000071525574,0.12,0.3199999928474426,0.1,0.14,0.09,0.05,0.05,-0.28999999165534973,0.1,-1.31,0.18,-1.21,0.15,0.14,0.1,0.02,0.14,-0.1899999976158142,0.05,-0.07999999821186066,0.03,-0.6899999976158142,0,-0.25,0.13,-0.25,0.35,-0.009999999776482582,0.0,0.07999999821186066,0.09,-0.07000000029802322,0.11,0.09000000357627869,0.05,0.09,0.09,0.36,0.11,0.54,0.0,TYC  810-1846-1,H,131.65067954229,0.0142,9.87273094685,0.0084,0.5065,0.0165,30.6645,27.936,1.162,0.017,-27.911,0.013,31,,,0.977,9.251142,0.002782
NOT_Lapo,NOT_Lapo1,,Trieste group,mince2,4766,2.51,1.38,123.09504341503022,38.210790662944255,908749525749088000,,0.3100000023841858,0.2199999988079071,0.37,0.06,0.3499999940395355,0.04,0.33000001311302185,0.08,0.17000000178813934,0.09,0.19,0.1,BD+38_1878,0.21,0.12,0.17000000178813934,0.13,0.18000000715255737,0.09,0.07,0.11,0.06,0.16,-0.07999999821186066,0.1,-0.4,0.12,-0.46,0.08,0.02,0.13,-0.01,0.15,-0.14000000059604645,0.09,-0.27000001072883606,0.0,-0.28999999165534973,0,-0.08,0.12,-0.27,0.0,0.14000000059604645,0.05,0.11999999731779099,0.11,0.11999999731779099,0.08,0.07000000029802322,0.04,0.14,0.01,0.09,0.05,0.2,0.0,BD+38  1878,D,123.09507752908,0.013,38.21068597095,0.011,2.4726,0.0153,161.8328,24.316,6.031,0.016,-23.556,0.013,31,,,1.0,9.124838,0.002759
NOT_Lapo,NOT_Lapo2,,Trieste group,mince2,4125,1.54,1.54,321.1350739449864,10.056186843311913,1745183033571590784,,0.49000000953674316,0.0,0.55,0.13,0.6499999761581421,0.02,0.5,0.14,0.4099999964237213,0.15,0.21,0.08,StKM_1-1889,0.23,0.16,0.4300000071525574,0.11,0.28999999165534973,0.15,0.14,0.13,-0.07,0.12,-0.20000000298023224,0.07,-0.61,0.16,-0.56,0.14,0.16,0.16,0.03,0.17,0.07999999821186066,0.0,-0.20000000298023224,0.0,-0.5099999904632568,0,-0.13,0.11,-0.28,0.2,-0.20999999344348907,0.05,0.10000000149011612,0.08,-0.1599999964237213,0.08,0.10000000149011612,0.05,0.12,0.15,0.16,0.09,0.52,0.18,StKM 1-1889,T,321.13508737963,0.0142,10.05608266571,0.0139,1.0831,0.0166,65.407,23.628,2.976,0.017,-23.44,0.014,31,,,0.984,9.442657,0.002767
NOT_Lapo,NOT_Lapo2,,Trieste group,mince2,4425,2.02,1.31,326.41488355036546,3.4128634869598433,2694964507906689024,,0.15000000596046448,0.0,0.37,0.09,0.3499999940395355,0.07,0.23999999463558197,0.08,0.3199999928474426,0.12,0.16,0.11,TYC_548-803-1,0.18,0.15,0.07999999821186066,0.1,0.17000000178813934,0.13,-0.08,0.12,-0.04,0.12,-0.11999999731779099,0.1,-0.36,0.14,-0.35,0.15,-0.01,0.13,0.02,0.16,-0.12999999523162842,0.0,-9.989999771118164,0.0,-0.3059999942779541,0,-0.11,0.13,-0.27,0.08,0.14000000059604645,0.0,0.009999999776482582,0.06,0.03999999910593033,0.14,-0.03999999910593033,0.06,-0.01,0.12,0.02,0.13,0.32,0.0,TYC 548-803-1,D,326.4148187822,0.0156,3.41282824148,0.0144,1.5541,0.0176,88.0586,16.568,-14.547,0.021,-7.93,0.019,31,,,0.998,9.435031,0.002759
NOT_Lapo,NOT_Lapo1,,Trieste group,mince2,4482,1.68,1.56,130.50789514702268,42.28825229680588,913552398697293312,,0.019999999552965164,0.05999999865889549,0.59,0.02,0.36000001430511475,0.08,0.3499999940395355,0.13,0.10999999940395355,0.13,0.18,0.06,BD+42_1911,0.19,0.11,0.11999999731779099,0.1,0.12999999523162842,0.15,0.06,0.15,0.03,0.14,-0.05000000074505806,0.08,-0.23,0.14,-0.34,0.15,0.03,0.13,-0.05,0.17,-0.019999999552965164,0.0,-0.4399999976158142,0.0,-0.38999998569488525,0,0.03,0.12,-99.99,0.0,0.029999999329447746,0.0,0.07999999821186066,0.13,0.009999999776482582,0.1,-0.009999999776482582,0.09,0.09,0.13,0.12,0.15,0.23,0.09,BD+42  1911,D,130.50786128667,0.0134,42.28820413644,0.0113,1.1739,0.0161,72.8697,12.214,-5.636,0.017,-10.836,0.016,31,,,0.96,8.991488,0.002759
NOT_Lapo,NOT_Lapo1,,Trieste group,,4167,1.36,1.53,142.45768954838195,55.06594552851724,1024649905425949568,,0.12999999523162842,0.07000000029802322,0.36,0.18,0.3499999940395355,0.12,0.4399999976158142,0.07,0.18000000715255737,0.15,0.06,0.12,BD+55_1336,0.16,0.07,0.1599999964237213,0.09,0.07999999821186066,0.12,0.09,0.11,0.01,0.15,-0.14000000059604645,0.19,-0.52,0.14,-0.55,0.16,-0.01,0.12,-0.01,0.18,0.07000000029802322,0.0,-0.3400000035762787,0.0,-0.7200000286102295,0,-0.05,0.11,-99.99,0.0,0.07000000029802322,0.0,0.03999999910593033,0.1,0.05999999865889549,0.14,0.03999999910593033,0.05,0.1,0.14,0.17,0.11,0.33,0.03,BD+55  1336,D,142.45765597568,0.0097,55.06592059178,0.01,0.9473,0.0131,72.4536,7.085,-4.326,0.012,-5.611,0.012,31,,,0.953,9.130336,0.002762
Spito_NOT,NOT_61_Spito,,Trieste group,mince2,4970,1.92,1.68,304.3022282285,0.3562918127,4230417785833525376,0,0.25699999928474426,0.17260000109672546,0.5220000147819519,0.2162,0.29600000381469727,0.2325,0.31700000166893005,0.0653,0.09700000286102295,0.1177,0.23800000548362732,0.1147,BD-00_3963,0.20100000500679016,0.0747,0.3400000035762787,0.1422,0.23899999260902405,0.1774,0.21400000154972076,0.1739,0.17399999499320984,0.1746,-0.03099999949336052,0.2385,-0.219,0.1695,-0.504,0.1407,0.13699999451637268,0.152,-0.004999999888241291,0.166,-0.024000000208616257,0.0,-0.48399999737739563,0.0,-0.18299999833106995,0,0.12700000405311584,0.154,-99.98999786376953,0.0,0.4350000023841858,0.0,0.28200000524520874,0.1078,0.2619999945163727,0.1578,0.22300000488758087,0.1462,0.30399999022483826,0.1373,0.3019999861717224,0.1211,0.36800000071525574,0.0,BD-00  3963,H,304.30223717707,0.0132,0.35629557066,0.012,1.6855,0.0174,96.95120239257812,2.053,1.947,0.017,0.65,0.016,31,,,0.949,8.548634,0.002761
NOT_Lapo,NOT_Lapo2,,Trieste group,mince2,4481,1.66,1.83,243.59292010109925,6.280847766953184,4450131137124088960,,0.3499999940395355,0.029999999329447746,0.3,0.07,0.44999998807907104,0.06,0.4099999964237213,0.05,0.30000001192092896,0.11,0.15,0.1,HD_146113,0.25,0.08,0.23999999463558197,0.11,0.23999999463558197,0.09,0.1,0.1,0.02,0.15,-0.20000000298023224,0.13,-0.79,0.14,-0.88,0.12,0.16,0.12,-0.0,0.15,-0.05999999865889549,0.07,-0.23999999463558197,0.0,-0.75,0,-0.15,0.12,-0.13,0.0,-0.10999999940395355,0.0,0.11999999731779099,0.07,0.12999999523162842,0.15,0.1599999964237213,0.03,0.19,0.08,0.24,0.06,0.47,0.01,HD 146113,D,243.59285880838,0.0165,6.28083829418,0.0125,1.6864,0.0268,62.958,13.873,-13.708,0.02,-2.131,0.017,31,,,1.008,8.261393,0.002762
0,OHP_08/20,MINCE I\II,PAPER I,mince2,4626,0.9,2.17,301.12104118394,13.59196653247,1806381262367935744,0,-96.58000183105469,0.0,0.14999985694885254,0.0,0.5499999523162842,0.08,-96.63999938964844,0.0,0.5899999141693115,0.14,0.4199998378753662,0.08,HD_354750,0.25999999046325684,0.14,0.39999985694885254,0.08,0.440000057220459,0.13,10.899999618530273,0.13,-0.05000019073486328,0.0,-0.35000014305114746,0.11,-2.352,0.11,-2.417,0.142,0.06999993324279785,0.1,0.019999980926513672,0.1,-0.6400001049041748,0.0,0.09999990463256836,0.09,0.09200000017881393,0,-0.1940000057220459,0.0,,,-0.1679999977350235,0.0,0.1550000011920929,0.0,-0.15299999713897705,0.0,9.989999771118164,0.0,0.2150000035762787,0.0,0.35899999737739563,0.0,0.5320000052452087,0.0,HD 354750,H,301.12104159354,0.0079,13.59196723263,0.0063,0.2161,0.0112,19.2896,6.103,2.837,0.012,5.403,0.009,31,,,0.904,10.588633,0.002761
TNGs,TNG2020_change,MINCE I\II,PAPER I,mince2,4276,0.7,2.08,320.53478760662,25.75435309796,1846612603278169600,0,0.6800000667572021,0.05999999865889549,-0.2200000286102295,0.05,0.5,0.0,-96.72000122070312,0.0,0.3399999141693115,0.08,0.309999942779541,0.06,BD+25_4520,0.19000005722045898,0.13,0.24000000953674316,0.08,0.18000006675720215,0.09,9.779999732971191,0.06,-0.1100001335144043,0.0,-0.31999993324279785,0.07,-2.277,0.096,-2.128,0.172,0.06999993324279785,0.14,-0.039999961853027344,0.12,-0.4200000762939453,0.23,-0.08999991416931152,0.02,-0.25,0,-0.414000004529953,0.0,,,-0.3179999887943268,0.0,-0.16300000250339508,0.0,-0.41999998688697815,0.0,9.989999771118164,0.0,-0.13300000131130219,0.0,0.06700000166893005,0.0,9.989999771118164,0.0,BD+25  4520,H,320.53479094645,0.014,25.75435196767,0.0115,0.3991,0.0181,22.0944,22.979,21.567,0.015,-7.931,0.013,31,,,1.047,9.258242,0.002801
0,CFHT 2019,MINCE I\II,PAPER I,mince2,4820,2.26,1.56,259.15409206163,44.17868123189,1361269101122102528,0,0.6399999856948853,0.0,-0.04999995231628418,0.07,0.49000000953674316,0.16,0.31999993324279785,0.06,0.49000000953674316,0.05,0.4299999475479126,0.06,TYC3085_119_1,0.38999998569488525,0.1,0.3700000047683716,0.08,0.4099999666213989,0.07,10.63700008392334,0.07,0.0,0.0,-0.26999998092651367,0.04,-1.509,0.102,-1.424,0.172,0.09000003337860107,0.12,0.029999971389770508,0.11,-0.3200000524520874,0.08,0.16999995708465576,0.08,0.18700000643730164,0,0.2639999985694885,0.0,0.73,0.07,0.4519999921321869,0.0,0.5289999842643738,0.0,0.34200000762939453,0.0,0.41600000858306885,0.0,0.4189999997615814,0.0,0.5289999842643738,0.0,0.6389999985694885,0.0,TYC 3085-119-1,T,259.15409232652,0.0116,44.1786794922,0.0121,1.0082,0.0123,82.0188,12.405,1.187,0.014,-12.348,0.015,31,,,1.16,10.385305,0.002767
0,OHP_08/20,MINCE I\II,PAPER I,mince2,4503,1.06,2.05,337.19312118498,22.15310053176,1874828957863588992,0,-96.66000366210938,0.0,-96.48999786376953,0.0,0.5900000333786011,0.1,-96.48999786376953,0.0,0.5199999809265137,0.0,0.3599998950958252,0.09,BD+21_4579,0.2999999523162842,0.1,0.31999993324279785,0.14,0.3899998664855957,0.15,9.789999961853027,0.13,-0.20000004768371582,0.0,-0.43000006675720215,0.1,-2.504,0.137,-2.343,0.122,0.09999990463256836,0.03,-0.009999990463256836,0.13,-96.48999786376953,0.0,0.16000008583068848,0.06,0.09399999678134918,0,0.22699999809265137,0.0,0.68,0.04,0.5339999794960022,0.0,0.7160000205039978,0.0,0.4569999873638153,0.0,0.9610000252723694,0.0,0.7900000214576721,0.0,0.9860000014305115,0.0,1.284000039100647,0.0,BD+21  4759,H,337.19312039613,0.0085,22.15309858895,0.0109,0.4526,0.0133,34.0103,14.613,-5.305,0.014,-13.616,0.013,31,,,1.018,9.444531,0.002818
0,OHP_08/20,MINCE I\II,PAPER I,mince2,4053,0.74,1.9,3.20805814676,5.62756346976,2742198462284327936,0,0.6899999976158142,0.0,-0.31999993324279785,0.03,0.5800000429153442,0.0,0.039999961853027344,0.03,0.38999998569488525,0.09,0.20000004768371582,0.06,BD+04____18,0.24000000953674316,0.1,0.2200000286102295,0.1,0.23000001907348633,0.08,9.6899995803833,0.11,-0.1799999475479126,0.0,-0.36000001430511475,0.11,-1.48,0.123,-1.284,0.308,0.039999961853027344,0.13,-0.09000003337860107,0.16,-0.44999992847442627,0.1,-97.5199966430664,0.0,0.2029999941587448,0,0.15800000727176666,0.0,0.68,0.04,0.7099999785423279,0.0,0.6420000195503235,0.0,0.31299999356269836,0.0,0.9200000166893005,0.0,0.6800000071525574,0.0,0.8629999756813049,0.0,1.159999966621399,0.0,BD+04    18,G,3.20806220146,0.0181,5.62756231817,0.0163,0.4697,0.0209,22.4843,30.367,29.324,0.029,-7.89,0.018,31,,,1.103,9.197191,0.002869
Spito_NOT,NOT_61_Spito,MINCE I\II,PAPER I,mince2,4237,0.76,2.01,339.3060240236,36.1393221811,1904354796441169664,0,0.7900000810623169,0.09000000357627869,0.08999991416931152,0.04,0.6499999761581421,0.0,0.4599999189376831,0.04,0.6200000047683716,0.07,0.4099999666213989,0.04,BD+354847,0.43000006675720215,0.11,0.4799998998641968,0.12,0.4100000858306885,0.15,8.9399995803833,0.05,-0.020000100135803223,0.0,-0.25000011920928955,0.06,-1.907,0.099,-1.903,0.171,0.13999998569488525,0.12,0.0,0.14,-0.23000013828277588,0.14,0.09999990463256836,0.01,0.09700000286102295,0,0.2770000100135803,0.0,0.66,0.06,0.4869999885559082,0.0,0.5350000262260437,0.0,0.23999999463558197,0.0,0.5870000123977661,0.0,0.36399999260902405,0.0,0.40400001406669617,0.0,0.5870000123977661,0.0,BD+35  4847,H,339.30618147482,0.0153,36.13927749987,0.014,0.6608,0.0209,31.6526,30.322,28.587,0.02,-10.112,0.017,31,,,1.249,8.467888,0.002777
0,OHP_08/20,MINCE I\II,PAPER I,mince2,4133,0.5,2.13,59.3093481888,69.74585639471,494113589154362368,0,-96.56999969482422,0.0,-0.21000003814697266,0.0,0.6000000238418579,0.02,-96.47000122070312,0.0,0.5699999332427979,0.11,0.2999999523162842,0.08,TYC_4331-136-1,0.43000006675720215,0.14,0.24000000953674316,0.12,0.3600001335144043,0.11,10.399999618530273,0.13,-0.1400001049041748,0.0,-0.2799999713897705,0.12,-2.531,0.108,-2.43,0.229,0.1099998950958252,0.12,0.029999971389770508,0.13,-0.6500000953674316,0.2,0.26999998092651367,0.02,-0.2290000021457672,0,-0.09799999743700027,0.0,0.61,0.05,-0.039000000804662704,0.0,0.25099998712539673,0.0,-0.01600000075995922,0.0,0.2709999978542328,0.0,0.25999999046325684,0.0,0.460999995470047,0.0,0.7609999775886536,0.0,TYC 4331-136-1,H,59.30935521585,0.009,69.74585613476,0.0106,0.4346,0.0156,27.786,17.784,17.672,0.01,-1.999,0.013,31,,,1.14,9.521653,0.002838
TNGs,TNG2020_change,MINCE I\II,PAPER I,mince2,4249,0.79,1.98,328.9001154302,-4.2242699202,2670152649340559616,0,0.7199999690055847,0.019999999552965164,-0.039999961853027344,0.04,0.6000000238418579,0.0,0.18000006675720215,0.01,0.3799999952316284,0.05,0.41999995708465576,0.05,HD208316,0.3399999141693115,0.12,0.4099999666213989,0.06,0.36000001430511475,0.06,8.779999732971191,0.08,-0.029999971389770508,0.0,-0.25,0.06,-1.606,0.101,-1.569,0.101,0.1499999761581421,0.15,-0.039999961853027344,0.13,-0.36000001430511475,0.11,0.0,0.0,-0.2540000081062317,0,0.07900000363588333,0.0,0.61,0.03,0.0860000029206276,0.0,0.17599999904632568,0.0,-0.04899999871850014,0.0,0.1589999943971634,0.0,0.15600000321865082,0.0,0.2540000081062317,0.0,0.4860000014305115,0.0,HD 208316,H,328.90012756915,0.0218,-4.2244402984,0.0219,0.6576,0.024,27.4258,38.516,2.7,0.026,-38.421,0.026,31,,,0.98,8.3622,0.002785
0,OHP_08/20,MINCE I\II,PAPER I,mince2,4497,1.03,2.06,358.86816040467,4.35490550125,2743322781643294336,0,1.03000009059906,0.0,-96.41999816894531,0.0,0.5499999523162842,0.08,-96.41999816894531,0.0,0.34999990463256836,0.0,0.3299999237060547,0.07,BD+03__4904,0.21000003814697266,0.15,0.309999942779541,0.1,0.2999999523162842,0.15,9.949999809265137,0.12,-0.1100001335144043,0.0,-0.3300001621246338,0.03,-2.573,0.122,-2.466,0.174,0.1099998950958252,0.09,0.009999990463256836,0.12,-0.5500001907348633,0.0,0.25,0.05,0.03799999877810478,0,-0.08699999749660492,0.0,0.6,0.0,-0.2770000100135803,0.0,0.026000000536441803,0.0,-0.13199999928474426,0.0,9.989999771118164,0.0,0.0729999989271164,0.0,0.5130000114440918,0.0,9.989999771118164,0.0,BD+03  4904,H,358.86815928133,0.0211,4.35490305536,0.0116,0.4252,0.0214,19.8267,19.196,-8.092,0.024,-17.407,0.013,31,,,1.158,9.508876,0.002764
TNGs,TNG2020_change,MINCE I\II,PAPER I,mince2,4316,0.87,1.96,238.8140969164,8.2244009873,4454379718774068736,0,0.6000000238418579,0.019999999552965164,-0.04999995231628418,0.04,0.5200000405311584,0.0,0.13999998569488525,0.01,0.3400000333786011,0.08,0.3700000047683716,0.05,HD142614,0.3700000047683716,0.1,0.3500000238418579,0.07,0.3799999952316284,0.08,9.15999984741211,0.07,-0.039999961853027344,0.0,-0.25,0.1,-1.454,0.107,-1.474,0.175,0.12000000476837158,0.11,-0.039999961853027344,0.13,-0.4099999666213989,0.11,-0.11000001430511475,0.03,-0.35600000619888306,0,-0.012000000104308128,0.0,0.59,0.02,0.31700000166893005,0.0,0.40700000524520874,0.0,0.13699999451637268,0.0,0.39399999380111694,0.0,0.40400001406669617,0.0,0.6110000014305115,0.0,0.7839999794960022,0.0,HD 142614,G,238.81394622389,0.0122,8.22440352914,0.0098,0.5737,0.0154,37.2767,33.46,-33.455,0.014,0.563,0.011,31,,,1.055,8.741734,0.002763
0,OHP_08/20,MINCE I\II,PAPER I,mince2,4129,0.75,1.94,356.87777569389,53.78787556814,1993508490626586752,0,0.6899999976158142,0.029999999329447746,-0.15999996662139893,0.05,0.5399999618530273,0.0,0.0,0.08,0.4099999666213989,0.09,0.20000004768371582,0.08,TYC_4001-1161-1,-0.019999980926513672,0.14,0.12000000476837158,0.07,0.1499999761581421,0.1,10.75,0.07,-0.2200000286102295,0.0,-0.3999999761581421,0.11,-1.619,0.106,-1.283,0.286,-0.009999990463256836,0.11,-0.059999942779541016,0.13,-0.5100001096725464,0.14,0.12999999523162842,0.1,-0.5410000085830688,0,-0.08500000089406967,0.0,0.57,0.06,0.39899998903274536,0.0,0.289000004529953,0.0,0.10599999874830246,0.0,0.32199999690055847,0.0,0.3610000014305115,0.0,0.5339999794960022,0.0,0.8489999771118164,0.0,TYC 4001-1161-1,G,356.87777316791,0.0092,53.78787453108,0.0097,0.39,0.0139,28.1049,12.751,-10.473,0.013,-7.273,0.013,31,,,1.058,10.096018,0.003737
0,OHP_08/20,MINCE I\II,PAPER I,mince2,4232,0.8,2.0,290.73491582796,76.54536867744,2289509454745473792,0,0.5299999713897705,0.0,-0.07999992370605469,0.06,0.5199999809265137,0.0,0.3999999761581421,0.0,0.46999990940093994,0.08,0.36000001430511475,0.07,TYC_4584-784-1,0.19000005722045898,0.12,0.2999999523162842,0.14,0.2900000810623169,0.17,10.9399995803833,0.14,-0.06999993324279785,0.0,-0.2999999523162842,0.09,-2.033,0.113,-1.854,0.246,0.09999990463256836,0.12,-0.019999980926513672,0.12,-0.5399999618530273,0.14,-0.029999971389770508,0.16,-0.3269999921321869,0,-0.08799999952316284,0.0,0.54,0.06,0.1459999978542328,0.0,0.335999995470047,0.0,0.11599999666213989,0.0,0.38999998569488525,0.0,0.3330000042915344,0.0,0.43299999833106995,0.0,0.6629999876022339,0.0,TYC 4584-784-1,H,290.73491261361,0.0096,76.54536904406,0.0111,0.2471,0.0103,24.0866,6.264,-5.508,0.013,2.982,0.016,31,,,1.106,10.622401,0.002779
0,OHP_08/20,MINCE I\II,PAPER I,mince2,4289,0.75,2.07,28.59239965679,3.69588742393,2512685511748376064,0,1.1400001049041748,0.0,-0.06999993324279785,0.23,0.5299999713897705,0.05,-96.77999877929688,0.0,0.46000003814697266,0.12,0.3700000047683716,0.06,TYC___33-446-1,0.3500000238418579,0.15,0.3500000238418579,0.07,0.4200000762939453,0.1,10.470000267028809,0.1,-0.09999990463256836,0.0,-0.2999999523162842,0.07,-2.215,0.117,-2.204,0.204,0.15000009536743164,0.1,-0.009999990463256836,0.14,-0.4200000762939453,0.17,-0.07999992370605469,0.0,-0.17000000178813934,0,-0.16699999570846558,0.0,0.52,0.05,0.07800000160932541,0.0,0.23499999940395355,0.0,0.08500000089406967,0.0,0.3050000071525574,0.0,0.3009999990463257,0.0,0.3050000071525574,0.0,1.6449999809265137,0.0,TYC   33-446-1,H,28.59240072541,0.0138,3.69588645501,0.0104,0.2535,0.0158,16.0677,10.306,7.591,0.016,-6.972,0.013,31,,,0.988,10.093693,0.00283
0,OHP_08/20,MINCE I\II,PAPER I,mince2,4036,0.64,1.95,29.66228630162,41.77505950465,345884921919346944,0,0.6000000834465027,0.03999999910593033,-0.2200000286102295,0.05,0.5099999904632568,0.0,0.13999998569488525,0.0,0.3799999952316284,0.14,0.3200000524520874,0.08,TYC_2824-1963-1,0.25,0.12,0.3200000524520874,0.08,0.24000000953674316,0.12,10.6899995803833,0.1,-0.039999961853027344,0.0,-0.309999942779541,0.11,-1.6,0.137,-1.445,0.383,0.060000061988830566,0.13,-0.07999992370605469,0.13,-0.4899998903274536,0.12,-0.06999993324279785,0.03,-0.5600000023841858,0,-0.0430000014603138,0.0,0.52,0.06,0.3799999952316284,0.0,0.3799999952316284,0.0,0.05299999937415123,0.0,0.4399999976158142,0.0,0.4000000059604645,0.0,0.5540000200271606,0.0,0.8050000071525574,0.0,TYC 2824-1963-1,G,29.66228892905,0.0149,41.77505827837,0.0141,0.2866,0.0166,17.2549,16.743,14.248,0.018,-8.793,0.021,31,,,1.241,10.063057,0.002847
0,OHP_08/20,MINCE I\II,PAPER I,mince2,4234,0.89,1.94,2.1501522125,2.96710838599,2740533904759400320,0,0.7799999713897705,0.0,-0.12999999523162842,0.08,0.5300000905990601,0.0,0.13999998569488525,0.0,0.38999998569488525,0.11,0.30000007152557373,0.06,TYC____4-369-1,0.2999999523162842,0.14,0.24000000953674316,0.08,0.309999942779541,0.11,11.039999961853027,0.07,-0.12999999523162842,0.0,-0.2900000810623169,0.08,-1.836,0.107,-1.663,0.245,0.03000009059906006,0.11,-0.059999942779541016,0.13,-0.5700000524520874,0.04,0.03000009059906006,0.15,-0.42399999499320984,0,-0.008999999612569809,0.0,0.52,0.05,0.24899999797344208,0.0,0.35600000619888306,0.0,0.1889999955892563,0.0,0.33899998664855957,0.0,0.38600000739097595,0.0,0.45100000500679016,0.0,0.5910000205039978,0.0,TYC    4-369-1,G,2.15015429357,0.0146,2.96710768609,0.0126,0.2167,0.0164,13.2143,15.708,14.957,0.018,-4.798,0.014,31,,,0.978,10.786457,0.002843
Spito_NOT,NOT_61_Spito,MINCE I\II,PAPER I,mince2,4254,1.07,1.83,240.2702974304,11.2156225871,4457463848888998528,0,0.4999999403953552,0.0,-0.1700000762939453,0.05,0.4099999666213989,0.08,0.08999991416931152,0.02,0.2999999523162842,0.1,0.31999993324279785,0.06,BD+112896,0.22999989986419678,0.08,0.25999999046325684,0.07,0.28999996185302734,0.1,9.140000343322754,0.09,-0.009999990463256836,0.0,-0.24000000953674316,0.08,-1.413,0.12,-1.299,0.199,0.04999995231628418,0.15,-0.060000061988830566,0.13,-0.4700000286102295,0.11,-0.05000007152557373,0.04,-0.296999990940094,0,-0.09099999815225601,0.0,0.51,0.04,0.17599999904632568,0.0,0.3409999907016754,0.0,0.057999998331069946,0.0,0.5529999732971191,0.0,0.3799999952316284,0.0,0.5669999718666077,0.0,0.7929999828338623,0.0,BD+11  2896,H,240.27019063254,0.013,11.21554069091,0.0089,0.7832,0.0181,43.1989,29.8,-23.424,0.016,-18.422,0.012,31,,,0.972,8.72601,0.002765
TNGs,TNG2020_change,MINCE I\II,PAPER I,mince2,4154,0.53,2.02,229.2523996042,54.5940573369,1599726063352925056,0,0.7899999618530273,0.0,-0.1700000762939453,0.02,0.5799999237060547,0.0,0.1099998950958252,0.0,0.3399999141693115,0.07,0.36999988555908203,0.05,HD238439,0.25999999046325684,0.1,0.4099999666213989,0.08,0.3500000238418579,0.07,9.8100004196167,0.07,-0.06000018119812012,0.0,-0.3100001811981201,0.07,-2.09,0.113,-2.019,0.13,0.07999992370605469,0.14,-0.09000015258789062,0.14,-0.48000001907348633,0.14,-0.08000016212463379,0.03,-0.3199999928474426,0,-0.03500000014901161,0.0,0.51,0.04,0.11999999731779099,0.0,0.11800000071525574,0.0,-0.03999999910593033,0.0,0.12999999523162842,0.0,0.09799999743700027,0.0,0.18000000715255737,0.0,0.4699999988079071,0.0,HD 238439,G,229.25220886113,0.0128,54.59407200503,0.0141,0.3353,0.0146,22.9848,24.882,-24.681,0.017,3.151,0.02,95,1.4036,0.0036,1.063,9.269385,0.0029
Spito_NOT,NOT_61_Spito,MINCE I\II,PAPER I,mince2,4482,1.29,1.88,354.5782344545,0.7809751641,2645979306383851520,0,0.6299999952316284,0.0,-0.2099999189376831,0.05,0.48000001907348633,0.11,-97.0999984741211,0.0,0.3799999952316284,0.05,0.3500000238418579,0.06,BD-004538,0.21000003814697266,0.12,0.26999998092651367,0.08,0.2799999713897705,0.12,9.109999656677246,0.1,-0.040000081062316895,0.0,-0.30000007152557373,0.07,-1.9,0.094,-1.75,0.142,0.009999990463256836,0.09,-0.05000007152557373,0.1,-0.5700000524520874,0.15,0.039999961853027344,0.03,-0.10999999940395355,0,-0.09000000357627869,0.0,0.47,0.04,0.18000000715255737,0.0,0.31200000643730164,0.0,0.18700000643730164,0.0,0.4569999873638153,0.0,0.30000001192092896,0.0,0.4830000102519989,0.0,0.6299999952316284,0.0,BD-00  4538,H,354.57843037172,0.0179,0.78091443633,0.0142,0.8304,0.0197,42.1111,46.109,44.013,0.022,-13.743,0.016,31,,,1.045,8.781491,0.002766
TNGs,TNG2020_change,MINCE I\II,PAPER I,mince2,4167,0.82,1.91,216.2929636111,6.1208150373,3670216508400737920,0,0.6799999475479126,0.03999999910593033,-0.24000000953674316,0.06,0.5300000309944153,0.0,0.03000009059906006,0.01,0.3200000524520874,0.09,0.23000001907348633,0.05,BD+062880,0.1499999761581421,0.13,0.2200000286102295,0.08,0.26999998092651367,0.06,9.59000015258789,0.05,-0.1099998950958252,0.0,-0.34999990463256836,0.1,-1.448,0.105,-1.3,0.226,0.03000009059906006,0.13,-0.07999992370605469,0.14,-0.5299999713897705,0.13,-0.019999980926513672,0.04,-0.41200000047683716,0,-0.08699999749660492,0.0,0.47,0.02,0.460999995470047,0.0,0.3580000102519989,0.0,-0.007000000216066837,0.0,0.4779999852180481,0.0,0.36500000953674316,0.0,0.44600000977516174,0.0,0.6779999732971191,0.0,BD+06  2880,H,216.29302874378,0.0157,6.1206077383,0.0137,0.4789,0.0203,23.5825,48.645,14.345,0.018,-46.481,0.016,31,,,1.01,9.181913,0.002865
TNGs,TNG2020_change,MINCE I\II,PAPER I,mince2,4393,1.08,1.94,199.5415235184,-13.9793862096,3609151492315774848,0,0.6800000667572021,0.019999999552965164,-0.31999993324279785,0.05,0.4700000286102295,0.03,0.0700000524520874,0.0,0.3200000524520874,0.06,0.33000004291534424,0.05,HD115575,0.23000001907348633,0.14,0.31000006198883057,0.08,0.3200000524520874,0.11,9.59000015258789,0.07,-0.04999995231628418,0.0,-0.2799999713897705,0.05,-1.993,0.091,-1.859,0.122,0.09000003337860107,0.09,-0.029999971389770508,0.12,-0.5299999713897705,0.1,0.060000061988830566,0.01,-0.4169999957084656,0,-0.1770000010728836,0.0,0.46,0.04,-0.15199999511241913,0.0,-0.004000000189989805,0.0,-0.17499999701976776,0.0,-0.11699999868869781,0.0,-0.007000000216066837,0.0,0.10300000011920929,0.0,0.17299999296665192,0.0,HD 115575,S,199.54141900486,0.0182,-13.97952401902,0.0118,0.6368,0.0226,28.1186,38.58,-22.8,0.023,-31.122,0.012,31,,,1.06,9.025355,0.002767
0,OHP_08/20,MINCE I\II,PAPER I,mince2,4199,0.78,2.01,271.63159598593,8.74857153256,4482223506419354624,0,0.6100000143051147,0.0,-0.15000009536743164,0.01,0.5700000524520874,0.0,-96.7699966430664,0.0,0.5,0.15,0.38999998569488525,0.06,TYC_1008-1200-1,0.25999999046325684,0.12,0.3400000333786011,0.08,0.30000007152557373,0.15,10.739999771118164,0.06,-0.07999992370605469,0.0,-0.3399999141693115,0.1,-2.229,0.098,-1.998,0.17,0.059999942779541016,0.13,-0.04999995231628418,0.12,-0.559999942779541,0.03,0.0,0.05,-0.23100000619888306,0,-0.01600000075995922,0.0,0.46,0.1,0.24199999868869781,0.0,0.27900001406669617,0.0,0.04899999871850014,0.0,0.3440000116825104,0.0,0.32199999690055847,0.0,0.4390000104904175,0.0,0.5590000152587891,0.0,TYC 1008-1200-1,G,271.63159580645,0.0143,8.74857256173,0.0146,0.3227,0.0193,16.7197,7.81,-1.336,0.017,7.695,0.018,31,,,1.039,10.189405,0.002822
0,CFHT 2019,MINCE I\II,PAPER I,mince2,4130,0.66,1.99,250.38552724416,36.41181478855,1328057351677265920,0,0.31000006198883057,0.0,0.3400000333786011,0.08,0.5399999618530273,0.23,0.6299999952316284,0.03,0.3999999761581421,0.13,0.3500000238418579,0.08,TYC2588_1386_1,0.36000001430511475,0.13,0.36000001430511475,0.08,0.3900001049041748,0.1,12.182000160217285,0.08,-0.009999990463256836,0.0,-0.25,0.1,-1.733,0.122,-1.701,0.204,0.15999996662139893,0.13,-0.019999980926513672,0.17,-0.4700000286102295,0.07,-0.039999961853027344,0.2,-0.47699999809265137,0,-0.06199999898672104,0.0,0.45,0.02,0.2460000067949295,0.0,0.328000009059906,0.0,0.06599999964237213,0.0,0.27300000190734863,0.0,0.3409999907016754,0.0,0.4480000138282776,0.0,0.6129999756813049,0.0,TYC 2588-1386-1,H,250.38552677402,0.0088,36.41181442716,0.011,0.1078,0.0114,9.433,3.922,-3.051,0.011,-2.465,0.013,31,,,1.048,11.726887,0.002848
TNGs,TNG2020_change,MINCE I\II,PAPER I,mince2,4193,0.71,2.02,195.1399818468,-7.9939367427,3628846700506717568,0,0.6499999761581421,0.0,-0.1399998664855957,0.03,0.5300000905990601,0.0,0.05000007152557373,0.0,0.33000004291534424,0.08,0.33000004291534424,0.04,BD-073523,0.31000006198883057,0.14,0.3500000238418579,0.08,0.3500000238418579,0.08,9.65999984741211,0.06,-0.029999971389770508,0.0,-0.28999996185302734,0.08,-1.951,0.103,-1.871,0.162,0.09000003337860107,0.11,-0.06999993324279785,0.15,-0.49000000953674316,0.1,-0.1399998664855957,0.06,-0.4090000092983246,0,-0.09399999678134918,0.0,0.43,0.05,0.23100000619888306,0.0,0.3009999990463257,0.0,0.09600000083446503,0.0,0.5580000281333923,0.0,0.36500000953674316,0.0,0.47699999809265137,0.0,0.781000018119812,0.0,BD-07  3523,H,195.13989283401,0.0148,-7.99395881659,0.0094,0.4292,0.0166,25.8066,20.265,-19.64,0.021,-4.994,0.013,31,,,0.96,9.126393,0.002835
0,CFHT 2020,MINCE I\II,PAPER I,mince2,4516,1.17,1.99,217.9123373569,31.9828875854,1286937751398121984,0,-96.80999755859375,0.0,-0.19000005722045898,0.05,0.5800000429153442,0.11,-96.75,0.0,0.48000001907348633,0.07,0.3799999952316284,0.06,BD+32_2483,0.2700001001358032,0.1,0.3500000238418579,0.06,0.3900001049041748,0.11,10.279999732971191,0.07,-0.06999993324279785,0.0,-0.38000011444091797,0.1,-2.245,0.105,-2.197,0.162,0.06999993324279785,0.13,0.0,0.13,-0.6099998950958252,0.07,0.08999991416931152,0.06,-0.11500000208616257,0,-0.14000000059604645,0.0,0.43,0.04,-0.16699999570846558,0.0,0.02500000037252903,0.0,-0.1850000023841858,0.0,0.1850000023841858,0.0,0.04500000178813934,0.0,0.1599999964237213,0.0,9.989999771118164,0.0,BD+32  2483,H,217.91228168557,0.0073,31.98280165634,0.0089,0.4156,0.0128,32.5484,21.842,-10.444,0.013,-19.183,0.014,31,,,0.951,9.838884,0.002762
0,CFHT 2020,MINCE I\II,PAPER I,mince2,4154,0.57,2.07,249.1381092236,20.4294629967,4563812393098031104,0,0.7699999809265137,0.0,-0.1099998950958252,0.04,0.5099999904632568,0.05,0.10000002384185791,0.0,0.4200000762939453,0.09,0.3799999952316284,0.05,BD+20_3298,0.2200000286102295,0.12,0.3500000238418579,0.08,0.3500000238418579,0.08,9.25,0.07,0.009999990463256836,0.0,-0.3299999237060547,0.09,-1.952,0.096,-1.864,0.165,0.0700000524520874,0.09,-0.059999942779541016,0.14,-0.49000000953674316,0.1,-0.04999995231628418,0.0,-0.28299999237060547,0,-0.17800000309944153,0.0,0.4,0.03,0.13199999928474426,0.0,0.23899999260902405,0.0,0.008999999612569809,0.0,0.4819999933242798,0.0,0.24400000274181366,0.0,0.3490000069141388,0.0,0.6320000290870667,0.0,BD+20  3298,G,249.13796823401,0.0107,20.42953452623,0.0107,0.4628,0.0146,31.6522,33.672,-29.623,0.013,16.009,0.013,31,,,1.034,8.777007,0.002824
0,OHP_08/20,MINCE I\II,PAPER I,mince2,4091,0.45,2.11,300.74836385894,58.01863559173,2234812157176934528,0,0.809999942779541,0.0,-0.11999988555908203,0.11,0.5400000810623169,0.0,-96.81999969482422,0.0,0.4700000286102295,0.13,0.3400000333786011,0.08,TYC_3944-698-1,0.31999993324279785,0.15,0.48000001907348633,0.12,0.5199999809265137,0.1,10.449999809265137,0.08,0.09000015258789062,0.0,-0.18999981880187988,0.08,-2.181,0.128,-2.055,0.205,0.15000009536743164,0.17,0.009999990463256836,0.15,-0.46000003814697266,0.03,0.6000000238418579,0.02,-0.5289999842643738,0,-0.09000000357627869,0.0,0.39,0.02,-0.07199999690055847,0.0,0.039000000804662704,0.0,-0.13199999928474426,0.0,0.22100000083446503,0.0,0.04500000178813934,0.0,0.19599999487400055,0.0,0.5609999895095825,0.0,TYC 3944-698-1,H,300.74836291147,0.0108,58.01863520306,0.0109,0.2676,0.0112,23.8817,4.362,-3.602,0.013,-2.46,0.014,31,,,0.95,9.892493,0.00333
0,OHP_08/20,MINCE I\II,PAPER I,mince2,4660,0.96,2.11,330.44206037701,62.46134304806,2204221372879385216,0,1.0899999141693115,0.0,-0.1499999761581421,0.04,0.5199999809265137,0.0,0.0,0.0,0.2200000286102295,0.04,0.3400000333786011,0.08,TYC_4267-2023-1,0.41999995708465576,0.11,0.5299999713897705,0.13,0.5199999809265137,0.15,10.260000228881836,0.05,0.0,0.0,-0.20000004768371582,0.09,-1.737,0.14,-2.083,0.155,0.25999999046325684,0.16,-0.019999980926513672,0.19,-0.26999998092651367,0.03,-0.3399999141693115,0.02,0.07699999958276749,0,-0.18299999833106995,0.0,0.38,0.09,0.05000000074505806,0.0,0.15700000524520874,0.0,-0.054999999701976776,0.0,0.05999999865889549,0.0,0.14399999380111694,0.0,0.2150000035762787,0.0,0.31700000166893005,0.0,TYC 4267-2023-1,S,330.44206161496,0.0092,62.46134544435,0.0098,0.622,0.0105,59.4393,17.898,4.246,0.013,17.388,0.013,31,,,0.891,9.502825,0.002782
0,CFHT 2020,MINCE I\II,PAPER I,mince2,4565,1.15,2.03,157.0717868218,30.4414551295,747669354292137472,0,0.9600000381469727,0.029999999329447746,-0.13000011444091797,0.02,0.6399998664855957,0.14,-96.62999725341797,0.0,0.559999942779541,0.09,0.4099998474121094,0.06,BD+31_2143,0.26999998092651367,0.13,0.3899998664855957,0.07,0.38999998569488525,0.13,9.210000038146973,0.07,-0.09000015258789062,0.0,-0.3900001049041748,0.1,-2.361,0.101,-2.239,0.116,0.029999971389770508,0.06,0.009999990463256836,0.1,-0.5500001907348633,0.0,0.15999984741210938,0.03,0.050999999046325684,0,-0.0989999994635582,0.0,0.38,0.05,-0.04899999871850014,0.0,0.006000000052154064,0.0,-0.11900000274181366,0.0,0.23399999737739563,0.0,0.010999999940395355,0.0,0.21400000154972076,0.0,0.14100000262260437,0.0,BD+31  2143,S,157.07175275159,0.0115,30.44126036941,0.0115,0.6252,0.0138,45.2996,44.265,-6.682,0.014,-43.757,0.014,31,,,0.884,8.878562,0.002776
0,CFHT 2020,MINCE I\II,PAPER I,mince2,4468,1.0,2.04,209.8322602094,48.093199306,1509607788238564992,0,0.9100000858306885,0.05000000074505806,-0.1100001335144043,0.03,0.6599999666213989,0.13,-96.70999908447266,0.0,0.4599999189376831,0.08,0.3799999952316284,0.07,BD+48_2167,0.24000012874603271,0.11,0.38999998569488525,0.07,0.37000012397766113,0.1,9.75,0.06,-0.09000015258789062,0.0,-0.440000057220459,0.09,-2.279,0.107,-2.15,0.123,0.07999992370605469,0.14,-0.04999995231628418,0.12,-0.5799999237060547,0.05,0.09999990463256836,0.01,-0.0560000017285347,0,-0.164000004529953,0.0,0.38,0.02,0.09200000017881393,0.0,0.11599999666213989,0.0,-0.08399999886751175,0.0,0.36899998784065247,0.0,0.0860000029206276,0.0,0.29899999499320984,0.0,0.5090000033378601,0.0,BD+48  2167,H,209.83221897743,0.0083,48.0931106353,0.0095,0.4565,0.0117,39.1799,20.815,-6.055,0.01,-19.915,0.012,31,,,0.946,9.332142,0.002783
TNGs,TNG2020_change,MINCE I\II,PAPER I,mince2,4276,0.7,2.08,320.53478760662,25.75435309796,1846612603278169600,0,0.6800000667572021,0.05999999865889549,-0.2200000286102295,0.05,0.5,0.0,-96.72000122070312,0.0,0.3399999141693115,0.08,0.309999942779541,0.06,BD+25_4520,0.19000005722045898,0.13,0.24000000953674316,0.08,0.18000006675720215,0.09,9.779999732971191,0.06,-0.1100001335144043,0.0,-0.31999993324279785,0.07,-2.277,0.096,-2.128,0.172,0.06999993324279785,0.14,-0.039999961853027344,0.12,-0.4200000762939453,0.23,-0.08999991416931152,0.02,-0.25,0,-0.414000004529953,0.0,0.34,0.06,-0.3179999887943268,0.0,-0.16300000250339508,0.0,-0.41999998688697815,0.0,9.989999771118164,0.0,-0.13300000131130219,0.0,0.06700000166893005,0.0,9.989999771118164,0.0,BD+25  4520,H,320.53479094645,0.014,25.75435196767,0.0115,0.3991,0.0181,22.0944,22.979,21.567,0.015,-7.931,0.013,31,,,1.047,9.258242,0.002801
0,OHP_08/20,MINCE I\II,PAPER I,mince2,4295,0.66,2.12,287.33018372568,63.06225134521,2252491715737828864,0,0.7800000905990601,0.0,-0.26999998092651367,0.11,0.3999999761581421,0.07,-96.7300033569336,0.0,0.15000009536743164,0.07,0.19000005722045898,0.06,TYC_4221-640-1,0.10000014305114746,0.1,0.07999992370605469,0.08,0.10000014305114746,0.1,11.119999885559082,0.11,-0.15000009536743164,0.0,-0.23000001907348633,0.08,-2.267,0.105,-2.189,0.219,0.1099998950958252,0.13,-0.019999980926513672,0.13,-0.5299999713897705,0.03,0.019999980926513672,0.04,-0.4429999887943268,0,-0.2639999985694885,0.0,0.33,0.05,-0.27799999713897705,0.0,-0.1379999965429306,0.0,-0.34599998593330383,0.0,0.007000000216066837,0.0,-0.003000000026077032,0.0,0.23199999332427979,0.0,0.4970000088214874,0.0,TYC 4221-640-1,G,287.33018068437,0.0115,63.06225078591,0.0103,0.1933,0.0112,17.2387,10.733,-10.111,0.017,-3.601,0.013,31,,,1.13,10.586113,0.002798
Spito_NOT,NOT_61_Spito,MINCE I\II,PAPER I,mince2,4757,1.64,1.86,316.8045736878,7.7388191783,1737165669660120320,0,-97.11000061035156,0.0,-0.43000006675720215,0.02,0.3200000524520874,0.09,-97.05000305175781,0.0,0.23000001907348633,0.07,0.2200000286102295,0.05,BD+074625,0.11000001430511475,0.09,0.23000001907348633,0.07,0.2200000286102295,0.08,8.869999885559082,0.06,-0.09999990463256836,0.0,-0.36999988555908203,0.05,-1.926,0.102,-1.917,0.13,0.020000100135803223,0.14,-0.08999991416931152,0.12,-0.7599999904632568,0.0,-0.11999988555908203,0.03,-0.367000013589859,0,-0.2720000147819519,0.0,0.29,0.06,-0.004000000189989805,0.0,0.23800000548362732,0.0,0.05900000035762787,0.0,0.47600001096725464,0.0,0.23399999737739563,0.0,0.35600000619888306,0.0,0.4059999883174896,0.0,BD+07  4625,H,316.80435802019,0.0137,7.73857898784,0.0081,1.22,0.0173,70.3913,72.58,-48.138,0.018,-54.319,0.011,31,,,0.979,8.619643,0.002759
TNGs,TNG2020_change,MINCE I\II,PAPER I,mince2,4287,0.7,2.05,234.440962956,11.6032232009,1190179181964770432,2,0.7699999809265137,0.009999999776482582,-0.11000001430511475,0.03,0.5600000619888306,0.0,0.18000006675720215,0.06,0.3400000333786011,0.05,0.40000009536743164,0.05,HD139423,0.28999996185302734,0.12,0.40000009536743164,0.09,0.3799999952316284,0.12,8.4399995803833,0.06,0.0,0.0,-0.21999990940093994,0.06,-1.703,0.109,-1.784,0.149,0.12000000476837158,0.13,-0.059999942779541016,0.12,-0.440000057220459,0.12,-0.09999990463256836,0.06,-0.05700000002980232,0,-0.1420000046491623,0.0,-0.14,0.07,0.0,0.0,0.27300000190734863,0.0,0.006000000052154064,0.0,0.35600000619888306,0.0,0.335999995470047,0.0,0.4729999899864197,0.0,0.5830000042915344,0.0,HD 139423,H,234.4408871045,0.0163,11.60293831971,0.0155,0.6829,0.0206,33.2279,66.272,-16.711,0.02,-64.13,0.019,31,,,0.987,8.025946,0.002807
0,CFHT 2020,MINCE I\II,PAPER I,mince2,4909,1.73,1.94,270.9473010892,39.5420147547,4610514630524769408,0,-96.54000091552734,0.0,-96.41999816894531,0.0,0.46000003814697266,0.07,-96.41999816894531,0.0,0.4700000286102295,0.04,0.3599998950958252,0.1,BD+39_3309,0.1400001049041748,0.14,0.4399998188018799,0.09,0.4200000762939453,0.14,9.829999923706055,0.0,-0.13000011444091797,0.0,-0.20000004768371582,0.01,-2.584,0.131,-2.455,0.126,0.1699998378753662,0.05,0.1399998664855957,0.08,-96.41999816894531,0.0,0.4399998188018799,0.05,0.27399998903274536,0,0.007000000216066837,0.0,-9999.0,0.0,-0.4259999990463257,0.0,9.989999771118164,0.0,9.989999771118164,0.0,9.989999771118164,0.0,9.989999771118164,0.0,9.989999771118164,0.0,9.989999771118164,0.0,BD+39  3309,G,270.94723989385,0.0093,39.54211562921,0.011,0.7527,0.0108,70.0049,24.923,-10.448,0.012,22.627,0.014,31,,,1.027,9.608741,0.002765
ESO,ESO UVES 105,MINCE III,Chile group,mince2,4564,1.15,2.0,277.440178416,-44.4078410954,6709735731028644864,0,999.9990234375,999.9990234375,-0.09699999999999998,0.039,0.4620000000000001,0.058,0.21300000000000008,0.128,0.28300000000000014,0.071,0.41500000000000004,0.025,CD-44_12644,0.33899999999999997,0.104,0.4590000000000001,0.059,0.43599999999999994,0.104,0.129,0.042,0.051000000000000156,0.0,-0.16799999999999993,0.048,-1.443,0.119,-1.655,0.068,0.18200000000000016,0.118,-0.016000000000000014,0.14,-0.393,0.066,-0.20999999999999996,0.0,-0.06899999999999995,0,0.17100000000000004,0.0,0.73,0.0,0.6080000000000001,0.0,0.607,0.0,0.5329999999999999,0.0,0.53,0.0,0.6440000000000001,0.0,0.721,0.0,0.768,0.0,CD-44 12644,T,277.44016517158,0.0123,-44.40794771279,0.0111,0.5829,0.0154,37.7568,24.17,-2.128,0.014,-24.076,0.012,31,,,1.016,9.282762,0.00276
0,ESO 106 req,MINCE III,Chile group,mince2,4280,1.15,1.81,160.4999313808,-14.6873241064,3749791536453362432,0,999.9990234375,999.9990234375,0.09799999999999986,0.011,0.693,0.1,0.5279999999999999,0.068,0.59,0.121,0.45699999999999996,0.066,BD-13_3195,0.397,0.143,0.4879999999999999,0.08,0.43300000000000005,0.076,0.15900000000000003,0.092,0.11299999999999999,0.0,-0.14200000000000013,0.094,-1.412,0.153,-1.431,0.115,0.21299999999999986,0.146,0.07399999999999984,0.133,-0.19400000000000017,0.109,-0.04500000000000015,0.029,-997.588,0,0.3640000000000001,0.0,0.7210000000000001,0.0,0.4850000000000001,0.0,0.3560000000000001,0.0,0.31699999999999995,0.0,0.27,0.0,-997.569,0.0,0.5391,0.0,0.42800000000000016,0.0,BD-13  3195,T,160.49998596186,0.0171,-14.68743295054,0.0165,0.7884,0.022,35.9155,26.968,11.705,0.025,-24.296,0.024,95,1.4236,0.0049,0.974,9.157364,0.002769
0,ESO 106 req,MINCE III,Chile group,mince2,4551,1.23,1.96,64.5898811956,-23.3942015518,4897427826105156096,0,999.9990234375,999.9990234375,-0.051999999999999824,0.11,0.4480000000000002,0.067,0.040000000000000036,0.109,0.40800000000000014,0.112,0.40900000000000003,0.045,CD-23_1855,0.2450000000000001,0.113,0.3920000000000001,0.068,0.32600000000000007,0.11,0.02400000000000002,0.069,-0.018000000000000016,0.0,-0.2699999999999998,0.052,-1.957,0.105,-1.899,0.096,0.11699999999999999,0.108,0.03200000000000003,0.113,-0.4570000000000001,0.089,0.007000000000000117,0.015,-0.2270000000000001,0,0.19900000000000007,0.0,0.696,0.0,0.21500000000000008,0.0,0.3460000000000001,0.0,0.23199999999999998,0.0,-997.101,0.0,0.45199999999999996,0.0,0.635,0.0,0.754,0.0,CD-23  1855,H,64.58993515772,0.008,-23.39430740256,0.0094,0.5122,0.0136,37.544,26.447,11.231,0.012,-23.944,0.014,31,,,0.996,9.735675,0.002762
0,ESO 106 req,MINCE III,Chile group,mince2,4266,1.25,1.8,125.9320926464,-50.9731576583,5322479814316334720,0,999.9990234375,999.9990234375,-0.006000000000000005,0.044,0.6559999999999999,0.067,0.22299999999999986,0.074,0.589,0.119,0.494,0.048,TYC_8161-753-1,0.3400000000000001,0.138,0.33999999999999986,0.059,0.45300000000000007,0.091,-0.038000000000000034,0.057,-0.03100000000000014,0.0,-0.3420000000000003,0.091,-1.769,0.134,-1.56,0.117,0.10499999999999998,0.123,0.008999999999999897,0.1,-0.43399999999999994,0.152,0.2569999999999999,0.021,-0.17500000000000004,0,0.15400000000000014,0.0,0.657,0.0,0.42800000000000016,0.0,0.3380000000000001,0.0,0.27900000000000014,0.0,0.21300000000000008,0.0,0.363,0.0,0.375,0.0,0.488,0.0,TYC 8161-753-1,H,125.93217546448,0.0102,-50.97319231952,0.0101,0.9161,0.0109,84.0872,14.05,11.8,0.013,-7.626,0.012,31,,,1.044,9.479089,0.002771
0,ESO UVES 105,MINCE III,Chile group,mince2,4140,0.9,1.89,309.289665045,-33.5082825019,6791932712052452352,0,999.9990234375,999.9990234375,0.15500000000000003,0.052,0.6180000000000001,0.081,0.494,0.063,0.46199999999999997,0.1,0.41700000000000004,0.051,CD-33_15063,0.23199999999999998,0.146,0.44799999999999995,0.081,0.3560000000000001,0.132,0.05600000000000005,0.064,0.06000000000000005,0.0,-0.264,0.104,-1.804,0.157,-1.606,0.152,0.15300000000000002,0.145,-0.008999999999999897,0.147,-0.397,0.119,0.05699999999999994,0.012,-0.1479999999999999,0,0.15200000000000014,0.0,0.5930000000000002,0.0,0.7150000000000001,0.0,0.42300000000000004,0.0,0.397,0.0,0.18100000000000005,0.0,0.4500000000000002,0.0,0.26,0.0,0.18100000000000005,0.0,CD-33 15063,S,309.28967504252,0.0134,-33.50840226914,0.0084,0.3926,0.0181,21.6769,27.156,1.89,0.017,-27.09,0.015,95,1.4082,0.0032,0.93,9.601243,0.002788
0,ESO UVES 105,MINCE III,Chile group,mince2,4105,0.72,1.96,289.3299619014,-29.4674693026,6759417129565467904,0,999.9990234375,999.9990234375,-0.020999999999999908,0.031,0.56,0.05,0.15900000000000003,0.128,0.371,0.123,0.41000000000000014,0.055,CD-29_15930,0.2430000000000001,0.115,0.41800000000000015,0.063,0.365,0.059,0.050999999999999934,0.06,0.02300000000000013,0.0,-0.28300000000000014,0.116,-1.796,0.111,-1.661,0.123,0.131,0.148,0.0040000000000000036,0.139,-0.3600000000000001,0.127,-997.204,-999.0,-0.3579999999999999,0,0.07600000000000007,0.0,0.5700000000000001,0.0,0.125,0.0,0.052000000000000046,0.0,-0.08000000000000007,0.0,0.08499999999999996,0.0,-997.339,0.0,0.2510000000000001,0.0,0.42210000000000014,0.0,CD-29 15930,T,289.32997027989,0.0128,-29.46750383636,0.0121,0.3654,0.0153,23.8568,8.087,1.47,0.015,-7.952,0.012,31,,,0.89,9.674984,0.002937
0,ESO 106 req,MINCE III,Chile group,mince2,4344,0.48,2.19,156.4413750171,-17.9890149792,3747380238733968256,0,999.9990234375,999.9990234375,-0.07199999999999984,0.045,0.4690000000000001,0.08,-0.010999999999999899,0.124,0.256,0.112,0.41500000000000004,0.044,BD-17_3143,0.22799999999999998,0.094,0.4890000000000001,0.093,0.4269999999999998,0.126,0.14200000000000013,0.071,0.10699999999999998,0.0,-0.22299999999999986,0.087,-1.683,0.144,-1.908,0.112,0.14200000000000013,0.131,-0.028000000000000025,0.149,-0.3720000000000001,0.064,-0.258,0.004,-0.23699999999999988,0,0.028999999999999915,0.0,0.5569999999999999,0.0,0.23199999999999998,0.0,0.30099999999999993,0.0,0.19699999999999984,0.0,0.32399999999999984,0.0,0.3599999999999999,0.0,0.5029999999999999,0.0,0.5999999999999999,0.0,BD-17  3143,T,156.44138632521,0.0131,-17.98906363265,0.0147,0.2413,0.0156,15.4589,11.066,2.459,0.017,-10.79,0.018,31,,,0.952,9.974993,0.002792
0,ESO 106 req,MINCE III,Chile group,mince2,4245,0.91,1.97,69.3153152293,-13.6466934645,3174402807987539584,0,999.9990234375,999.9990234375,-0.07400000000000007,0.098,0.5369999999999999,0.056,0.11099999999999999,0.116,0.42199999999999993,0.079,0.401,0.059,BD-13_934,0.16500000000000004,0.121,0.369,0.06,0.28500000000000014,0.076,0.01200000000000001,0.064,0.03699999999999992,0.0,-0.2769999999999999,0.085,-1.93,0.12,-1.729,0.123,0.11799999999999988,0.131,0.018999999999999906,0.133,-0.39500000000000024,0.138,0.09199999999999986,0.003,-0.038000000000000034,0,0.06800000000000006,0.0,0.4760000000000002,0.0,0.07400000000000007,0.0,0.1260000000000001,0.0,-0.040999999999999925,0.0,0.1140000000000001,0.0,0.19300000000000006,0.0,0.3440000000000001,0.0,0.5430000000000001,0.0,BD-13   934,T,69.31540457366,0.0097,-13.64671274232,0.0076,0.501,0.0161,31.0476,20.074,19.598,0.011,-4.344,0.01,31,,,1.005,9.528528,0.002772
0,ESO 106 req,MINCE III,Chile group,mince2,4367,0.98,1.96,119.945121626,-17.3856538639,5717948445741886720,0,999.9990234375,999.9990234375,-0.10000000000000009,0.036,0.488,0.072,-0.014000000000000012,0.104,0.3560000000000001,0.115,0.4019999999999999,0.047,BD-16_2232,0.19600000000000017,0.097,0.3580000000000001,0.059,0.3250000000000002,0.091,0.013000000000000123,0.053,0.018000000000000016,0.0,-0.2370000000000001,0.071,-1.77,0.124,-1.701,0.1,0.137,0.153,0.015000000000000124,0.145,-0.43000000000000016,0.135,-0.06299999999999994,0.001,-0.2650000000000001,0,-0.02299999999999991,0.0,0.4500000000000002,0.0,0.040000000000000036,0.0,0.16000000000000014,0.0,0.04600000000000004,0.0,0.18600000000000017,0.0,0.2530000000000001,0.0,0.4670000000000001,0.0,0.683,0.0,BD-16  2232,H,119.94508774551,0.0095,-17.38559326397,0.0095,0.5935,0.0149,39.8001,15.508,-7.311,0.014,13.676,0.012,31,,,1.152,9.505624,0.002761
0,ESO 106 req,MINCE III,Chile group,mince2,4343,0.78,2.06,91.2959917183,-33.1464333107,2889748799564531968,0,999.9990234375,999.9990234375,0.21899999999999986,0.041,0.3979999999999999,0.067,0.6829999999999998,0.076,0.33899999999999997,0.076,0.3859999999999999,0.062,CD-33_2721,0.18799999999999994,0.099,0.3899999999999999,0.068,0.3500000000000001,0.069,0.03399999999999981,0.044,0.04599999999999982,0.0,-0.2390000000000001,0.064,-1.882,0.118,-1.905,0.126,0.06999999999999984,0.128,-0.026000000000000023,0.137,-0.4570000000000001,0.075,-0.13400000000000012,0.003,-0.2380000000000002,0,-0.050999999999999934,0.0,0.41100000000000003,0.0,0.18399999999999994,0.0,0.16799999999999993,0.0,0.029000000000000137,0.0,0.17300000000000004,0.0,0.21599999999999997,0.0,0.361,0.0,0.46799999999999997,0.0,CD-33  2721,H,91.29598590854,0.0097,-33.14647423296,0.0116,0.5258,0.0131,40.1318,9.228,-1.12,0.014,-9.16,0.016,31,,,1.067,9.008746,0.002784
0,ESO UVES 105,MINCE III,Chile group,mince2,4291,0.96,1.93,308.5865357837,-28.5425881231,6798575067954225280,0,999.9990234375,999.9990234375,0.1379999999999999,0.038,0.4229999999999998,0.092,0.6179999999999999,0.098,0.33799999999999986,0.115,0.3819999999999999,0.051,CD-28_16762,0.19700000000000006,0.133,0.34099999999999997,0.07,0.272,0.08,0.028999999999999915,0.067,0.05599999999999983,0.0,-0.2100000000000002,0.052,-1.632,0.127,-1.524,0.115,0.11199999999999988,0.13,-0.028000000000000025,0.129,-0.45799999999999996,0.128,-0.06700000000000017,0.001,-0.33000000000000007,0,-0.11299999999999999,0.0,0.40900000000000003,0.0,0.17799999999999994,0.0,0.17900000000000005,0.0,0.2670000000000001,0.0,0.20799999999999996,0.0,0.2450000000000001,0.0,0.387,0.0,0.593,0.0,CD-28 16762,H,308.5865680701,0.0135,-28.54267278997,0.0106,0.4358,0.0148,29.379,20.179,6.532,0.016,-19.092,0.013,31,,,1.138,9.677214,0.002769
ESO,ESO 106 req,MINCE III,Chile group,mince2,4584,1.26,1.97,6.1115556951,-61.6943831516,4901998736459238784,0,999.9990234375,999.9990234375,-0.1280000000000001,0.039,0.5219999999999998,0.08,0.11199999999999988,0.0,0.3769999999999998,0.14,0.3689999999999998,0.054,CD-62_15,0.1649999999999998,0.028,0.3749999999999998,0.132,0.33699999999999974,0.092,0.0129999999999999,0.13,-0.06200000000000028,0.0,-0.30000000000000027,0.037,-2.106,0.118,-2.058,0.109,0.041999999999999815,0.153,9.999999999998899E-4,0.126,-0.359,0.063,0.04599999999999982,0.019,-0.16500000000000004,0,-0.03300000000000036,0.0,0.4029999999999998,0.0,-0.03600000000000003,0.0,0.009999999999999787,0.0,-0.10400000000000009,0.0,-996.942,0.0,0.07899999999999974,0.0,0.20799999999999974,0.0,0.29699999999999993,0.0,CD-62    15,H,6.11159325447,0.0103,-61.69453628504,0.0108,0.5813,0.0135,43.1114,34.863,4.099,0.012,-34.622,0.013,31,,,1.028,9.434647,0.002764
0,ESO UVES 105,MINCE III,Chile group,mince2,4767,1.82,1.82,343.9102423443,-18.7649975659,2402811860245032448,0,999.9990234375,999.9990234375,-0.008000000000000007,0.043,0.5519999999999998,0.033,-996.491,-999.0,0.5099999999999998,0.146,0.48099999999999987,0.059,BD-19_6363,0.09399999999999986,0.024,0.367,0.074,0.44300000000000006,0.096,-0.1160000000000001,0.141,-0.06600000000000028,0.0,-0.3810000000000002,0.042,-2.509,0.119,-2.367,0.131,0.0129999999999999,0.08,0.06499999999999995,0.132,-996.491,-999.0,0.2609999999999997,0.023,-0.10400000000000009,0,-0.02300000000000013,0.0,0.399,0.0,-0.028999999999999915,0.0,0.07600000000000007,0.0,-9.999999999998899E-4,0.0,-996.633,0.0,0.1459999999999999,0.0,0.401,0.0,0.21799999999999997,0.0,BD-19  6363,H,343.91024468272,0.0432,-18.76515268253,0.0351,0.5917,0.0459,12.8813,33.976,-0.805,0.07,-33.967,0.046,31,,,3.438,9.776914,0.002764
0,ESO 106 req,MINCE III,Chile group,mince2,4424,1.24,1.86,20.3614736635,-35.6839618078,5013432934264533760,0,999.9990234375,999.9990234375,-0.18799999999999994,0.038,0.4119999999999999,0.051,-0.016000000000000014,0.11,0.29200000000000004,0.106,0.3360000000000001,0.049,CD-36_518,0.14500000000000002,0.098,0.29499999999999993,0.059,0.2469999999999999,0.051,-0.06699999999999995,0.046,-0.001000000000000112,0.0,-0.2929999999999999,0.055,-1.736,0.114,-1.585,0.121,0.010999999999999899,0.131,-0.07099999999999995,0.107,-0.5469999999999999,0.123,-0.07600000000000007,0.029,-0.2490000000000001,0,-0.06800000000000006,0.0,0.393,0.0,0.18300000000000005,0.0,0.17300000000000004,0.0,0.08699999999999997,0.0,0.16999999999999993,0.0,0.242,0.0,0.369,0.0,0.53,0.0,CD-36   518,H,20.36161194181,0.0078,-35.68396113815,0.009,0.6014,0.0149,40.4612,25.451,25.451,0.007,0.122,0.011,31,,,0.985,9.502958,0.00276
0,ESO 106 req,MINCE III,Chile group,mince2,4167,0.82,1.93,173.9757937021,-43.6993904805,5381981878914220160,0,999.9990234375,999.9990234375,-0.18300000000000005,0.055,0.43900000000000006,0.084,-0.0020000000000000018,0.088,0.33099999999999996,0.121,0.2889999999999999,0.061,CD-43_7161,0.19100000000000006,0.1,0.32800000000000007,0.071,0.2689999999999999,0.071,-0.03200000000000003,0.088,-0.004999999999999893,0.0,-0.31099999999999994,0.131,-1.5,0.131,-1.343,0.164,0.08600000000000008,0.139,-0.0029999999999998916,0.131,-0.4890000000000001,0.095,-0.09099999999999997,0.0,-0.5779999999999998,0,-0.1060000000000001,0.0,0.37,0.0,0.21500000000000008,0.0,0.06299999999999994,0.0,-0.01100000000000012,0.0,0.15300000000000002,0.0,0.20700000000000007,0.0,0.29600000000000004,0.0,0.638,0.0,CD-43  7161,G,173.97589695847,0.0086,-43.69948485989,0.0074,0.4816,0.0113,42.5546,26.932,16.763,0.01,-21.08,0.009,31,,,0.915,9.458072,0.002859
0,ESO 106 req,MINCE III,Chile group,mince2,4345,0.74,2.1,46.6046496185,-15.0035846765,5155555974773279744,0,999.9990234375,999.9990234375,-0.19899999999999984,0.086,0.4660000000000002,0.082,-0.11899999999999977,0.0,0.3330000000000002,0.085,0.3570000000000002,0.047,HD_19367,0.16899999999999982,0.081,0.3760000000000001,0.08,0.2919999999999998,0.079,0.028000000000000025,0.069,0.02200000000000024,0.0,-0.2469999999999999,0.048,-2.123,0.139,-2.078,0.11,0.12100000000000044,0.106,-0.008999999999999897,0.138,-0.46399999999999997,0.045,-0.10699999999999976,0.028,-0.25799999999999956,0,-0.09200000000000008,0.0,0.3599999999999999,0.0,0.18399999999999994,0.0,0.23499999999999988,0.0,0.1259999999999999,0.0,0.34899999999999975,0.0,0.2749999999999999,0.0,0.5169999999999999,0.0,0.7279999999999998,0.0,HD  19367,H,46.60469997807,0.014,-15.00364265539,0.0129,0.3922,0.0157,25.01,17.101,10.922,0.018,-13.159,0.016,31,,,1.039,9.315125,0.002819
0,MIKE_14.10,MINCE III,Chile group,mince2,4285,1.15,1.81,16.45533981843,-26.66264020601,5034551735135354496,0,999.9990234375,999.9990234375,-0.08499999999999996,0.041,0.4690000000000001,0.074,0.08099999999999996,0.075,0.389,0.075,0.391,0.055,HD_6518,0.31299999999999994,0.123,0.357,0.076,0.29599999999999993,0.072,0.02400000000000002,0.086,0.028000000000000025,0.0,-0.20899999999999985,0.057,-1.437,0.141,-1.285,0.135,0.131,0.129,0.0030000000000001137,0.124,-0.44099999999999984,0.071,-0.03699999999999992,0.037,-0.42799999999999994,0,-0.15700000000000003,0.0,0.35399999999999987,0.0,0.008000000000000007,0.0,-0.030000000000000027,0.0,-0.129,0.0,0.06099999999999994,0.0,-997.715,0.0,0.31099999999999994,0.0,0.47899999999999987,0.0,HD   6518,H,16.45534631903,0.0176,-26.6626429859,0.0132,0.7279,0.0224,32.5357,46.167,41.705,0.024,-19.8,0.03,31,,,1.016,8.965139,0.002765
0,ESO UVES 105,MINCE III,Chile group,mince2,4100,0.71,1.91,200.7025504292,-29.2200580409,6182273924132372352,0,999.9990234375,999.9990234375,0.026000000000000023,0.062,0.3770000000000001,0.062,0.16300000000000014,0.068,0.20900000000000007,0.131,0.2510000000000001,0.037,CD-28_10039,0.051999999999999935,0.126,0.30400000000000005,0.077,0.09899999999999987,0.098,0.026000000000000023,0.079,0.05900000000000016,0.0,-0.34399999999999986,0.12,-1.116,0.201,-1.015,0.139,0.01200000000000001,0.15,-0.04799999999999982,0.113,-0.34199999999999986,0.12,-0.33199999999999985,0.005,-997.884,0,-0.020000000000000018,0.0,0.34699999999999986,0.0,0.17299999999999993,0.0,0.31799999999999995,0.0,-0.1060000000000001,0.0,0.15599999999999992,0.0,-997.985,0.0,-997.985,0.0,0.5216999999999998,0.0,CD-28 10039,T,200.70252875559,0.0164,-29.22004472733,0.0127,0.4351,0.0198,22.0055,5.0,-4.097,0.021,2.865,0.015,31,,,1.13,9.255157,0.002802
0,ESO 106 req,MINCE III,Chile group,mince2,4323,0.63,2.17,28.1215249081,-39.6651475555,4961165724893425792,0,999.9990234375,999.9990234375,-0.2469999999999999,0.045,0.5529999999999999,0.003,-996.516,-999.0,0.46499999999999986,0.086,0.379,0.098,CD-40_471,0.23099999999999987,0.097,0.36499999999999977,0.091,0.3899999999999997,0.089,-0.0259999999999998,0.094,-0.027000000000000135,0.0,-0.363,0.069,-2.484,0.136,-2.465,0.126,0.1259999999999999,0.109,-0.008000000000000007,0.13,-0.46799999999999997,0.114,-0.1080000000000001,0.033,-0.23499999999999988,0,-0.09200000000000008,0.0,0.34,0.0,0.22299999999999986,0.0,0.18599999999999994,0.0,0.05699999999999994,0.0,0.29400000000000004,0.0,0.29899999999999993,0.0,0.5529999999999999,0.0,0.7179999999999997,0.0,CD-40   471,H,28.12155221742,0.0071,-39.66521845073,0.0088,0.3549,0.0121,29.2773,16.807,4.912,0.008,-16.073,0.01,31,,,0.965,9.227561,0.00281
0,ESO 106 req,MINCE III,Chile group,mince2,4118,0.58,2.06,183.4036252087,-53.2202493022,6077020253002583424,0,999.9990234375,999.9990234375,-0.08499999999999996,0.13,0.55,0.06,0.16300000000000026,0.114,0.44000000000000017,0.071,0.3730000000000002,0.058,TYC_8633-2281-1,0.11599999999999988,0.151,0.3670000000000002,0.083,0.33899999999999997,0.119,0.05300000000000016,0.044,0.049000000000000155,0.0,-0.22599999999999998,0.075,-2.047,0.185,-1.801,0.124,0.07700000000000018,0.097,0.027000000000000135,0.121,-0.4039999999999999,0.142,0.03000000000000025,0.0,-0.3959999999999999,0,-0.244,0.0,0.33399999999999985,0.0,0.1359999999999999,0.0,0.006000000000000005,0.0,-0.09099999999999997,0.0,0.026000000000000023,0.0,0.05899999999999994,0.0,0.19999999999999996,0.0,0.365,0.0,TYC 8633-2281-1,G,183.40373755552,0.0081,-53.22027499972,0.0098,0.5249,0.0139,37.832,16.159,15.143,0.01,-5.641,0.012,31,,,0.904,8.870806,0.002837
0,ESO UVES 105,MINCE III,Chile group,mince2,4046,0.8,1.85,359.8814379602,-27.2812855024,2334178733827591424,0,999.9990234375,999.9990234375,-0.06099999999999994,0.052,0.4690000000000001,0.067,0.07300000000000018,0.065,0.3690000000000001,0.139,0.3370000000000001,0.051,CD-27_16505,0.15599999999999992,0.14,0.3810000000000001,0.079,0.17099999999999993,0.103,0.09099999999999997,0.072,0.07500000000000018,0.0,-0.19799999999999995,0.131,-1.326,0.156,-1.089,0.142,0.14800000000000013,0.143,0.027000000000000135,0.13,-0.401,0.092,-0.16199999999999992,0.001,-997.674,0,-0.09899999999999998,0.0,0.33299999999999996,0.0,0.04699999999999993,0.0,0.008000000000000007,0.0,-0.16199999999999992,0.0,0.16099999999999992,0.0,-997.911,0.0,0.4029999999999999,0.0,0.611,0.0,CD-27 16505,H,359.88130613318,0.0156,-27.28146572173,0.0135,0.4816,0.02,24.0902,48.354,-26.151,0.016,-40.672,0.016,31,,,1.21,9.213929,0.002809
0,ESO UVES 105,MINCE III,Chile group,mince2,4265,1.0,1.87,352.9873299849,-44.2120422117,6534813945118770048,0,999.9990234375,999.9990234375,-0.23899999999999988,0.055,0.515,0.084,-0.03400000000000003,0.093,0.42500000000000004,0.091,0.29800000000000004,0.09,CD-44_15269,0.02400000000000002,0.146,0.2909999999999999,0.074,0.2529999999999999,0.073,-0.08000000000000007,0.049,-0.03699999999999992,0.0,-0.3679999999999999,0.102,-1.391,0.154,-1.19,0.167,0.07699999999999996,0.116,0.02200000000000002,0.14,-0.46199999999999997,0.093,-997.609,-999.0,-0.4079999999999999,0,-0.10899999999999999,0.0,0.32,0.0,0.4039999999999999,0.0,-0.14900000000000002,0.0,-0.18700000000000006,0.0,-0.19100000000000006,0.0,-0.06499999999999995,0.0,0.129,0.0,0.2549999999999999,0.0,CD-44 15269,T,352.98739467153,0.0115,-44.21205617076,0.0109,0.4209,0.0164,25.6985,10.946,10.468,0.013,-3.196,0.012,31,,,0.983,9.940577,0.002808
0,ESO UVES 105,MINCE III,Chile group,mince2,4063,0.75,1.93,326.6900825927,-27.7787168283,6809930269991110912,0,999.9990234375,999.9990234375,-0.18000000000000016,0.031,0.43399999999999994,0.07,0.0,0.107,0.363,0.08,0.33099999999999996,0.053,CD-28_17446,0.020000000000000018,0.111,0.30800000000000005,0.061,0.16399999999999992,0.082,-0.04800000000000004,0.037,-0.029000000000000137,0.0,-0.3210000000000002,0.099,-1.839,0.17,-1.434,0.141,0.04400000000000004,0.135,-0.015000000000000124,0.141,-0.512,0.1,-0.014000000000000012,0.009,-0.512,0,-0.22599999999999998,0.0,0.28,0.0,0.04800000000000004,0.0,0.010000000000000009,0.0,-0.10299999999999998,0.0,0.05600000000000005,0.0,0.09999999999999987,0.0,0.33899999999999997,0.0,0.571,0.0,CD-28 17446,G,326.68997897891,0.0166,-27.77883455861,0.0134,0.3143,0.0187,16.8176,33.704,-20.471,0.022,-26.774,0.016,31,,,1.078,9.494202,0.002926
0,ESO 106 req,MINCE III,Chile group,mince2,4551,1.12,2.05,126.1590226018,-17.9232155031,5708148155001776512,0,999.9990234375,999.9990234375,-0.20399999999999974,0.058,0.4940000000000002,0.09,-996.663,-999.0,0.39100000000000024,0.065,0.3740000000000001,0.046,TYC_6002-1724-1,0.11499999999999977,0.038,0.3290000000000002,0.063,0.35399999999999987,0.07,-0.0519999999999996,0.033,-0.10599999999999987,0.0,-0.45599999999999996,0.07,-2.337,0.115,-2.3,0.076,-0.0019999999999997797,0.079,-0.009999999999999787,0.108,-0.5399999999999996,0.0,-0.008999999999999897,0.029,-0.18799999999999972,0,-0.2530000000000001,0.0,0.27,0.0,-0.3120000000000003,0.0,-0.1980000000000004,0.0,-996.7,0.0,-996.7,0.0,-0.10600000000000032,0.0,0.09799999999999986,0.0,0.04400000000000004,0.0,TYC 6002-1724-1,S,126.1590437279,0.0094,-17.92332220042,0.009,0.4279,0.0128,33.5213,24.241,4.577,0.014,-23.805,0.013,31,,,0.962,9.94953,0.002772
0,ESO UVES 105,MINCE III,Chile group,mince2,4111,0.99,1.82,239.5567513585,-21.9478827202,6243483530298753536,0,999.9990234375,999.9990234375,-0.10599999999999987,0.052,0.571,0.092,0.15300000000000002,0.088,0.51,0.07,0.357,0.046,TYC_6199-351-1,0.04999999999999982,0.01,0.29499999999999993,0.066,0.21299999999999986,0.065,-0.05800000000000005,0.059,-0.10099999999999998,0.0,-0.30600000000000005,0.072,-1.659,0.156,-1.297,0.176,0.127,0.145,0.03600000000000003,0.144,-0.43700000000000006,0.109,0.1180000000000001,0.045,-0.5109999999999999,0,-0.29600000000000004,0.0,0.25,0.0,-0.13600000000000012,0.0,-0.2350000000000001,0.0,-0.30700000000000016,0.0,-0.16700000000000004,0.0,-997.703,0.0,0.10499999999999998,0.0,0.23099999999999987,0.0,TYC 6199-351-1,T,239.55671306031,0.0193,-21.94796425389,0.0132,0.5032,0.0232,21.697,19.863,-7.982,0.023,-18.188,0.017,31,,,1.129,9.710035,0.002772
0,ESO UVES 105,MINCE III,Chile group,mince2,4323,1.03,1.93,223.4246040136,-40.4989504808,6101242287993360896,0,999.9990234375,999.9990234375,-0.16599999999999993,0.038,0.391,0.074,0.10899999999999999,0.001,0.3320000000000001,0.053,0.272,0.039,CD-39_9313,0.02200000000000002,0.018,0.31899999999999995,0.061,0.22399999999999998,0.062,-0.006000000000000005,0.045,0.017000000000000126,0.0,-0.2869999999999999,0.117,-1.679,0.148,-1.473,0.152,0.10499999999999998,0.15,0.006000000000000005,0.129,-0.482,0.115,0.04600000000000004,0.0,-0.3749999999999998,0,-0.09099999999999997,0.0,0.24,0.0,0.39600000000000013,0.0,0.08100000000000018,0.0,0.01100000000000012,0.0,-0.020999999999999908,0.0,0.13000000000000012,0.0,0.16000000000000014,0.0,0.3370000000000002,0.0,CD-39  9313,T,223.42466453845,0.0135,-40.4989921368,0.0135,0.4458,0.0172,25.8987,13.965,10.381,0.015,-9.341,0.017,31,,,0.966,9.59768,0.002974
0,ESO 106 req,MINCE III,Chile group,mince2,4158,0.9,1.93,181.2893592774,-12.0814277841,3574495710443399936,0,999.9990234375,999.9990234375,-0.16900000000000004,0.028,0.5810000000000002,0.037,0.04899999999999993,0.192,0.40700000000000003,0.124,0.381,0.048,BD-11_3235,0.17099999999999982,0.134,0.3570000000000002,0.07,0.2529999999999999,0.081,0.0040000000000000036,0.07,0.008000000000000007,0.0,-0.2869999999999999,0.083,-2.108,0.137,-1.763,0.149,0.13600000000000012,0.128,0.020999999999999908,0.153,-0.4790000000000001,0.122,0.127,0.0,-0.42399999999999993,0,-0.2370000000000001,0.0,0.24,0.0,-0.15900000000000003,0.0,-0.2669999999999999,0.0,-0.3759999999999999,0.0,-0.2160000000000002,0.0,-0.14800000000000013,0.0,0.05899999999999994,0.0,0.20699999999999985,0.0,BD-11  3235,H,181.28930067308,0.0161,-12.08147620467,0.0116,0.3465,0.0181,19.1325,16.843,-12.916,0.02,-10.81,0.016,31,,,0.964,9.538624,0.002822
0,FEROS_20A,MINCE III,Camilla group,mince2,4342,1.09,1.93,120.4957289062556,-57.8675424639843,5294657359766081920,0,999.9990234375,999.9990234375,-0.19100000000000028,0.028,0.4909999999999999,0.044,-0.09600000000000009,0.0,0.45699999999999985,0.07,0.359,0.048,CD-57_1959,0.08699999999999997,0.112,0.2679999999999998,0.072,0.20500000000000007,0.047,-0.06899999999999995,0.066,-0.03200000000000003,0.0,-0.274,0.047,-2.001,0.119,-1.714,0.112,0.05799999999999983,0.08,-0.016999999999999904,0.095,-0.5529999999999999,0.084,0.09399999999999986,0.033,-0.3320000000000003,0,-0.244,0.0,0.23399999999999999,0.0,-0.05499999999999994,0.0,-0.03699999999999992,0.0,-0.14900000000000002,0.0,0.006000000000000005,0.0,0.028000000000000025,0.0,0.2509999999999999,0.0,0.4849999999999999,0.0,CD-57  1959,H,120.49565435397,0.0102,-57.86737488748,0.0105,0.6177,0.0105,58.8004,38.817,-8.808,0.014,37.804,0.014,31,,,1.018,9.778765,0.00277
0,ESO 106 req,MINCE III,Chile group,mince2,4655,1.29,1.97,70.3341796031,-51.9131898374,4778230075479363840,0,999.9990234375,999.9990234375,-0.28200000000000025,0.015,0.399,0.045,-0.2090000000000003,0.0,0.357,0.048,0.30999999999999983,0.073,CD-52_976,0.07899999999999996,0.124,0.2649999999999999,0.069,0.262,0.126,-0.07200000000000006,0.061,-0.06600000000000006,0.0,-0.3260000000000003,0.082,-1.902,0.098,-1.794,0.091,0.041999999999999815,0.096,-0.018000000000000016,0.091,-0.5330000000000001,0.066,0.04599999999999982,0.019,-0.3859999999999999,0,-0.33999999999999986,0.0,0.19999999999999996,0.0,0.037000000000000144,0.0,-0.09299999999999997,0.0,-0.19199999999999995,0.0,-0.06699999999999995,0.0,0.0050000000000001155,0.0,0.17399999999999993,0.0,0.23399999999999999,0.0,CD-52   976,H,70.33433223859,0.0089,-51.91320728254,0.0104,0.6343,0.01,63.6275,21.75,21.383,0.012,-3.98,0.013,31,,,0.931,9.397205,0.002763
0,ESO UVES 105,MINCE III,Chile group,mince2,4230,0.8,2.01,296.1756266488,-15.5169694257,4181847654250133760,0,999.9990234375,999.9990234375,0.29600000000000004,0.021,0.46099999999999985,0.097,0.905,0.054,0.44299999999999984,0.13,0.3959999999999999,0.06,BD-15_5449,0.07200000000000006,0.056,0.31999999999999984,0.052,0.23199999999999998,0.043,-0.014000000000000234,0.074,0.03500000000000014,0.0,-0.30100000000000016,0.105,-2.186,0.116,-1.939,0.092,0.13200000000000012,0.138,0.017999999999999794,0.14,-0.4980000000000002,0.113,-996.814,-999.0,-0.26900000000000013,0,-0.24299999999999988,0.0,0.19100000000000006,0.0,-0.0020000000000000018,0.0,-0.11899999999999977,0.0,-0.238,0.0,-0.16999999999999993,0.0,-0.04800000000000004,0.0,0.040000000000000036,0.0,0.06400000000000006,0.0,BD-15  5449,H,296.1755677596,0.0199,-15.51706657473,0.0154,0.3544,0.0222,15.9729,25.41,-12.872,0.023,-21.908,0.018,95,1.3865,0.0048,1.085,9.770967,0.002831
0,ESO UVES 105,MINCE III,Chile group,mince2,4515,0.85,2.15,300.7967043278,-38.450289847,6696870414182407552,0,999.9990234375,999.9990234375,-0.379,0.0,0.494,0.089,-996.537,-999.0,0.26800000000000024,0.161,0.06200000000000028,0.089,CD-38_13823,-0.18399999999999972,0.123,0.04600000000000026,0.062,0.004999999999999893,0.11,-0.2599999999999998,0.149,-0.05600000000000005,0.0,-0.10099999999999998,0.095,-2.463,0.143,-2.447,0.143,0.1160000000000001,0.121,0.0860000000000003,0.111,-0.7789999999999999,0.0,-0.1299999999999999,0.016,-996.537,0,-0.7069999999999999,0.0,-0.39,0.0,-0.7189999999999999,0.0,-0.48999999999999977,0.0,-996.553,0.0,-996.553,0.0,-0.34499999999999975,0.0,-0.2469999999999999,0.0,-0.03200000000000003,0.0,CD-38 13823,H,300.79674531868,0.0156,-38.45042713236,0.0148,0.3205,0.0216,14.8149,31.714,7.136,0.02,-30.901,0.016,31,,,1.005,10.009802,0.002821
0,ESO 106 req,MINCE III,Chile group,mince2,4082,0.92,1.79,150.1018749659,-39.9833698387,5419728418033942528,0,999.9990234375,999.9990234375,-0.22199999999999998,0.097,0.353,0.082,-0.020999999999999908,0.067,0.247,0.069,0.139,0.051,CD-39_6037,-0.07699999999999996,0.154,0.123,0.07,0.009000000000000008,0.076,-0.16199999999999992,0.07,-0.07099999999999995,0.0,-0.20799999999999996,0.11,-0.992,0.164,-0.776,0.105,-0.03400000000000003,0.125,-0.04899999999999993,0.123,-0.5030000000000001,0.171,-998.008,-999.0,-998.008,0,-0.28800000000000003,0.0,-999.0,0.0,0.30500000000000005,0.0,-0.06799999999999995,0.0,-0.09199999999999997,0.0,-0.016000000000000014,0.0,-998.224,0.0,0.29900000000000004,0.0,0.401,0.0,CD-39  6037,G,150.10195049216,0.0075,-39.98352154444,0.0093,0.6816,0.0125,54.598,36.412,13.085,0.01,-33.98,0.012,31,,,0.978,9.24671,0.002784
